1618587128381984234, -0.999994, -1.83135e-06, -0.00331858, 0.000551844, 0, 0, 0, 0, 0, 0
1618587128757513523, -0.999994, -0.000845577, 0.00328406, 0.000605589, -0.000332162, 0.000517756, 7.24815e-05, 0.00795333, 0.000658272, 0.00300462
1618587128857649565, -0.999818, -0.00086411, 0.019039, 0.0010115, 0.00171022, -1.81647e-05, 0.00447344, 0.00259736, 0.0180933, 0.010181
1618587128957813025, -0.999636, 0.00133855, 0.026866, 0.0021982, 0.000802994, 0.000217881, 0.0111151, -0.00897475, 0.0265875, 0.139709
1618587129057950735, -0.999815, 0.0044356, 0.018648, 0.00162451, 0.000331163, -0.000726814, 0.0201672, -0.00394533, -0.0111256, 0.264642
1618587129158059359, -0.999794, 0.00767716, 0.0187689, 0.000461567, 0.00322161, -0.00410295, 0.0264479, 0.0103189, -0.0531128, 0.302815
1618587129258115292, 0.999668, -0.0122421, -0.0226804, 0.000496583, -0.00275728, -0.00322362, 0.0168185, -0.027429, -0.0457065, 0.319538
1618587129358150959, -0.999798, 0.0199882, -0.00157819, 0.00155864, -0.00831359, -0.00590621, -0.00715777, -0.0630764, -0.0272071, 0.295807
1618587129458111525, -0.999505, 0.0295365, -0.00984416, 0.00458028, -0.0160909, -0.0155851, -0.0444019, -0.0602247, -0.0374565, 0.149903
1618587129557996750, -0.999119, 0.041676, -0.00251631, 0.00414518, -0.0217344, -0.0241242, -0.102681, -0.0438098, -0.0349822, -0.0608304
1618587129657832861, -0.998564, 0.0532883, 0.00188255, 0.0051708, -0.0223875, -0.0268477, -0.167081, -0.0438919, -0.0238602, -0.240152
1618587129757462025, -0.998296, 0.0577172, -0.00281302, 0.00806622, -0.0192888, -0.0275797, -0.216393, -0.0419039, -0.00413301, -0.381332
1618587129856979132, -0.998229, 0.055496, -0.019952, 0.00775132, -0.0186238, -0.027301, -0.258707, -0.0576506, 0.00346195, -0.487233
1618587129956735373, -0.997374, 0.0522225, -0.0501504, 0.00183305, -0.0263362, -0.028438, -0.314211, -0.0552414, -0.0094881, -0.596607
1618587130056664467, 0.996529, -0.0492903, 0.0670816, 0.000909493, -0.0319062, -0.0274081, -0.374062, -0.0249087, -0.0185225, -0.713526
1618587130156756878, 0.996001, -0.046732, 0.0760772, 0.00336696, -0.0334861, -0.0220308, -0.4325, -0.00319775, 0.00844865, -0.842411
1618587130256847620, 0.995486, -0.0413733, 0.0853506, 0.00337553, -0.033335, -0.0181869, -0.48645, 0.00610822, 0.0200557, -0.997072
1618587130356945038, 0.995128, -0.0345791, 0.0922838, 0.00283621, -0.0400931, -0.0223981, -0.54181, 0.0100196, 0.0104164, -1.0621
1618587130457131147, 0.995733, -0.0298452, 0.0872247, 0.00404972, -0.0416948, -0.0346752, -0.56846, 0.0307264, -0.016095, -1.00759
1618587130557338476, 0.997096, -0.027504, 0.0707198, 0.00639222, -0.0339982, -0.0503812, -0.562221, 0.039844, -0.0316684, -0.858438
1618587130657477140, 0.998347, -0.026091, 0.0500857, 0.01065, -0.0195908, -0.0648501, -0.532409, 0.0315737, -0.0137051, -0.663435
1618587130757508039, 0.998777, -0.0234967, 0.0387946, 0.0197064, -0.0109451, -0.0755147, -0.509804, 0.00450251, 0.0204659, -0.462882
1618587130857521057, 0.998357, -0.0215641, 0.0351735, 0.0397651, -0.00550912, -0.0848598, -0.49675, -0.0126789, 0.0401906, -0.278775
1618587130957625866, 0.996421, -0.0223988, 0.0341186, 0.0740256, -0.00285183, -0.0934379, -0.497654, -0.0410858, 0.0536133, -0.176393
1618587131057715893, 0.991903, -0.0257903, 0.0316591, 0.120251, 0.00297629, -0.0970339, -0.502989, -0.051282, 0.0589467, -0.131182
1618587131157704115, 0.984722, -0.029214, 0.0335515, 0.168356, 0.00525957, -0.0970994, -0.513185, -0.0533603, 0.0577021, -0.109532
1618587131257694721, 0.975154, -0.0317412, 0.0353032, 0.216383, 0.0041516, -0.0975132, -0.52282, -0.0467858, 0.0410129, -0.109533
1618587131357610941, 0.963657, -0.0338476, 0.0300464, 0.263282, 1.3672e-05, -0.103875, -0.532277, -0.0229396, 0.0231502, -0.108321
1618587131457544804, 0.951411, -0.0387005, 0.0169423, 0.305013, 0.0062993, -0.110941, -0.538557, 0.0214429, 0.030589, -0.0817759
1618587131557484388, 0.938907, -0.0392845, 0.0176336, 0.341466, 0.0122588, -0.118632, -0.54126, 0.0481859, 0.0286983, -0.044099
1618587131657377720, 0.926514, -0.0377346, 0.0194715, 0.373855, 0.0162865, -0.135804, -0.54575, 0.0542195, 0.00448132, -0.0257735
1618587131757389545, 0.91398, -0.0370063, 0.0144221, 0.403811, 0.0187695, -0.168785, -0.562476, 0.0464635, -0.0524359, -0.0319106
1618587131857550144, 0.900625, -0.0379686, 0.00189409, 0.432932, 0.0204252, -0.178361, -0.576088, 0.0185398, -0.0673833, -0.0252026
1618587131957780838, 0.889336, -0.0348744, -0.000318798, 0.455922, 0.0187733, -0.197775, -0.59125, -0.0229067, -0.0858149, -0.0215979
1618587132058025837, 0.879543, -0.0309668, 0.000500066, 0.474811, 0.0137697, -0.213496, -0.609173, -0.0347572, -0.121511, -0.0228616
1618587132158325434, 0.872246, -0.0301425, -0.00330846, 0.488126, 0.00796301, -0.226584, -0.626642, -0.0440057, -0.144359, -0.0345856
1618587132258625269, 0.868207, -0.0315263, -0.00905531, 0.495117, 0.0029224, -0.216148, -0.624975, -0.0403436, -0.12343, -0.0312297
1618587132358890772, 0.867427, -0.0316736, -0.00951517, 0.496464, -0.000850746, -0.207791, -0.621171, -0.0310331, -0.101065, -0.013435
1618587132459057808, 0.868055, -0.0320189, -0.00993096, 0.495336, -0.00342704, -0.198521, -0.615614, -0.0268424, -0.0744584, 0.0051135
1618587132559163809, 0.869452, -0.0324865, -0.0111107, 0.492823, -0.00506899, -0.184088, -0.605687, -0.0252374, -0.0366045, 0.023466
1618587132659212112, 0.871928, -0.0309275, -0.00935309, 0.488566, -0.00661141, -0.176972, -0.599917, -0.0200265, -0.0108757, 0.028807
1618587132759138584, 0.875484, -0.0295765, -0.00814251, 0.482273, -0.00783496, -0.169692, -0.594456, -0.0173501, 0.00547298, 0.0438039
1618587132859018564, 0.879587, -0.0286201, -0.00776904, 0.474814, -0.00892695, -0.165636, -0.589091, -0.0183219, 0.0123041, 0.0584306
1618587132958907604, 0.884818, -0.0296232, -0.00803911, 0.464924, -0.00833114, -0.159229, -0.57727, -0.00868521, 0.0312604, 0.0839436
1618587133058875084, 0.893106, -0.0303978, -0.00336041, 0.448805, -0.00678579, -0.149203, -0.559546, -0.00618134, 0.05554, 0.115433
1618587133158854961, 0.904213, -0.0295498, 0.00551717, 0.426023, -0.00464056, -0.144495, -0.540538, -0.00432608, 0.0592628, 0.147468
1618587133258836269, 0.91921, -0.032155, 0.0127908, 0.392244, 0.000212523, -0.142754, -0.514839, 0.0262751, 0.0654378, 0.189516
1618587133358865499, 0.936608, -0.0368027, 0.0224472, 0.347717, 0.0066421, -0.143992, -0.48927, 0.0440759, 0.0650231, 0.234937
1618587133458818197, 0.952374, -0.0413129, 0.0287559, 0.300749, 0.0137222, -0.14349, -0.452341, 0.0302464, 0.0553814, 0.292336
1618587133558780670, 0.965231, -0.04373, 0.0432412, 0.254062, 0.0168929, -0.146071, -0.411164, 0.00643804, 0.038897, 0.355978
1618587133658751965, 0.976106, -0.0477091, 0.0622593, 0.202644, 0.0144867, -0.152162, -0.372932, -0.0140334, 0.00244835, 0.387504
1618587133758638382, 0.985087, -0.0521911, 0.0759521, 0.145295, 0.00931987, -0.161846, -0.338219, -0.0338396, -0.0351382, 0.38743
1618587133858517408, 0.991372, -0.056106, 0.0831195, 0.0844123, 0.00319224, -0.172821, -0.313641, -0.0482958, -0.0429858, 0.366599
1618587133958435535, 0.994124, -0.0586994, 0.0878121, 0.0236921, -0.00243945, -0.180594, -0.306623, -0.041101, -0.0372689, 0.318365
1618587134058340549, -0.993935, 0.0596279, -0.0849979, 0.0362445, -0.00397365, -0.180786, -0.310822, -0.0281199, -0.0204397, 0.230903
1618587134158248186, -0.990876, 0.0578725, -0.0774962, 0.0938582, -0.0053609, -0.175555, -0.316854, -0.0384702, 0.00232804, 0.131091
1618587134258222342, -0.984339, 0.0528396, -0.0745627, 0.150749, -0.0105969, -0.177232, -0.300623, -0.0521384, 0.0138888, 0.104543
1618587134358299732, -0.974798, 0.0466653, -0.0749544, 0.204875, -0.0170429, -0.193619, -0.262829, -0.0553356, -0.0369008, 0.175997
1618587134458525658, -0.96228, 0.0444741, -0.0814488, 0.255743, -0.0242104, -0.2184, -0.219361, -0.0601731, -0.0936555, 0.25249
1618587134558774948, -0.946858, 0.0467593, -0.0927379, 0.304422, -0.0366432, -0.235147, -0.196691, -0.0768458, -0.126905, 0.262271
1618587134659038067, -0.92947, 0.0493133, -0.0961636, 0.352712, -0.0466915, -0.252299, -0.176976, -0.0874884, -0.16959, 0.254188
1618587134759153128, -0.912702, 0.0515611, -0.0982861, 0.393263, -0.0549595, -0.274794, -0.153418, -0.109408, -0.216673, 0.280967
1618587134859053850, -0.899699, 0.053231, -0.104874, 0.420368, -0.0666383, -0.293633, -0.130609, -0.128678, -0.242284, 0.320324
1618587134958764076, -0.891211, 0.0530361, -0.11045, 0.436727, -0.0788202, -0.31078, -0.113251, -0.135455, -0.259235, 0.33893
1618587135058465481, -0.885646, 0.0517044, -0.11459, 0.447019, -0.0910459, -0.322951, -0.103283, -0.132482, -0.245344, 0.339441
1618587135158254623, -0.881936, 0.0519091, -0.12102, 0.452602, -0.10402, -0.330896, -0.100952, -0.130746, -0.208747, 0.29072
1618587135258188486, -0.881985, 0.0538901, -0.125559, 0.451035, -0.114419, -0.342288, -0.104788, -0.124778, -0.175376, 0.215851
1618587135358264685, -0.88569, 0.0558994, -0.125008, 0.443624, -0.120309, -0.348638, -0.117478, -0.094927, -0.131208, 0.148974
1618587135458435297, -0.891041, 0.0573557, -0.119137, 0.434238, -0.119614, -0.346967, -0.138426, -0.0558405, -0.0772318, 0.0899048
1618587135558598042, -0.896544, 0.0560574, -0.108809, 0.425709, -0.112535, -0.3351, -0.159704, -0.0220499, -0.0251195, 0.0505263
1618587135658786058, -0.902829, 0.0542723, -0.100166, 0.414634, -0.101384, -0.325813, -0.172598, 0.00432262, 0.00503209, 0.0388355
1618587135758885622, -0.913236, 0.0531746, -0.0962131, 0.39232, -0.0923704, -0.310845, -0.186495, 0.0225621, 0.0360412, 0.043651
1618587135858877897, -0.929083, 0.0514647, -0.0902997, 0.354969, -0.0838228, -0.293531, -0.204557, 0.0415024, 0.0756285, 0.0518872
1618587135958918810, -0.947686, 0.051949, -0.0825879, 0.303928, -0.0740999, -0.276089, -0.223998, 0.0552802, 0.112618, 0.0521336
1618587136058964968, -0.96531, 0.0546331, -0.0749605, 0.244075, -0.0637826, -0.257839, -0.242466, 0.0701212, 0.145763, 0.0503145
1618587136158915997, -0.979585, 0.0590857, -0.0734862, 0.177545, -0.0551031, -0.238176, -0.263812, 0.074076, 0.200496, 0.00139685
1618587136258835793, -0.989823, 0.0649088, -0.0712993, 0.104659, -0.0462805, -0.218531, -0.286665, 0.0912873, 0.233929, -0.0930838
1618587136358689070, -0.994575, 0.0711335, -0.0690216, 0.0315802, -0.0353918, -0.199135, -0.311497, 0.118523, 0.263634, -0.203408
1618587136458468199, 0.994189, -0.0749326, 0.068341, 0.0361055, -0.0243716, -0.17947, -0.340783, 0.147847, 0.267149, -0.316812
1618587136558246613, 0.990221, -0.0761099, 0.0662937, 0.0963038, -0.0136642, -0.165461, -0.37985, 0.176161, 0.226089, -0.412927
1618587136658034801, 0.983926, -0.0765758, 0.0559345, 0.151316, -0.00151268, -0.156342, -0.418648, 0.195, 0.178284, -0.470798
1618587136757798910, 0.974977, -0.0750874, 0.0441187, 0.204538, 0.0102246, -0.147625, -0.446559, 0.191964, 0.127145, -0.469333
1618587136857585430, 0.962695, -0.0712591, 0.0346262, 0.258729, 0.0200763, -0.139693, -0.461323, 0.177071, 0.1138, -0.41321
1618587136957508087, 0.947763, -0.0633119, 0.0326863, 0.310915, 0.0229864, -0.122944, -0.472091, 0.138555, 0.112023, -0.350875
1618587137057567835, 0.930137, -0.0545637, 0.0323089, 0.361696, 0.0228279, -0.107215, -0.48045, 0.108714, 0.0973192, -0.296827
1618587137157724857, 0.910279, -0.0489929, 0.0252836, 0.410308, 0.0211017, -0.0928258, -0.483709, 0.0784716, 0.106578, -0.238834
1618587137258013248, 0.891553, -0.0459249, 0.0209751, 0.450094, 0.0179392, -0.0827428, -0.486476, 0.0541169, 0.0836585, -0.169088
1618587137358353615, 0.875265, -0.0431187, 0.0178548, 0.481387, 0.0136391, -0.0733068, -0.493006, 0.0194882, 0.0651267, -0.12086
1618587137458620071, 0.858906, -0.0372943, 0.0146195, 0.510564, 0.00522511, -0.0604764, -0.505016, -0.0357221, 0.0808891, -0.111611
1618587137558736801, 0.842889, -0.0292941, 0.0110204, 0.537177, -0.00496535, -0.0571743, -0.515525, -0.0601367, 0.0664686, -0.0900899
1618587137658892870, 0.833502, -0.0249688, 0.00543132, 0.551925, -0.012801, -0.0607912, -0.518834, -0.0569671, 0.0425341, -0.0409708
1618587137759137869, 0.832118, -0.0251661, 0.00200219, 0.554023, -0.0193245, -0.0503145, -0.520512, -0.0435875, 0.0312993, -0.00960231
1618587137859207153, 0.834012, -0.02159, -0.00053441, 0.551323, -0.0215282, -0.0662755, -0.536305, -0.0253966, -0.0182496, -0.0205752
1618587137959243774, 0.831604, -0.0234021, -0.0141067, 0.554696, -0.0220359, -0.0600014, -0.530103, -0.0314375, 0.040604, 0.039286
1618587138059317827, 0.83409, -0.0210928, -0.0136191, 0.551056, -0.0223764, -0.0512113, -0.508172, -0.040796, 0.0877845, 0.142892
1618587138159552813, 0.844404, -0.0174251, 0.000648277, 0.535422, -0.0202187, -0.0585394, -0.490134, -0.0328405, 0.05118, 0.217639
1618587138259722948, 0.86143, -0.0209597, 0.0102542, 0.50734, -0.0131857, -0.0844984, -0.476841, -0.00306139, -0.0361407, 0.276449
1618587138359838009, 0.882777, -0.0330909, 0.013764, 0.468422, -0.00211464, -0.10372, -0.4502, 0.0462344, -0.0915261, 0.31829
1618587138459834576, 0.908303, -0.0468492, 0.0209172, 0.415155, 0.0108639, -0.121712, -0.414761, 0.0600136, -0.121647, 0.356908
1618587138559677124, 0.933656, -0.0564776, 0.0353509, 0.35192, 0.0196919, -0.141211, -0.387616, 0.0554271, -0.174648, 0.352649
1618587138659331083, 0.955638, -0.0642149, 0.0425991, 0.284284, 0.0255583, -0.159957, -0.363916, 0.0522936, -0.21296, 0.326668
1618587138758979559, 0.972749, -0.0681619, 0.0497806, 0.21595, 0.028127, -0.176514, -0.348144, 0.0441716, -0.221397, 0.284893
1618587138858608961, 0.985665, -0.0682838, 0.0531541, 0.144833, 0.0286686, -0.189953, -0.347157, 0.0283452, -0.202455, 0.198457
1618587138958279848, 0.994336, -0.0645237, 0.0517345, 0.0667507, 0.0277365, -0.194366, -0.37063, 0.0144141, -0.14781, 0.0780016
1618587139057974577, -0.997341, 0.0572525, -0.0425216, 0.014993, 0.0267301, -0.185044, -0.395455, 0.00683437, -0.075871, -0.0153245
1618587139157776356, -0.994185, 0.0467277, -0.0294947, 0.0924237, 0.0256356, -0.169698, -0.404674, -0.00184203, -0.0060002, -0.0584163
1618587139257696629, -0.985847, 0.0356795, -0.0244914, 0.161968, 0.0226411, -0.166717, -0.384929, -0.0240124, 0.0215759, -0.0284887
1618587139357711792, -0.973938, 0.0261482, -0.0309631, 0.223166, 0.0156941, -0.179913, -0.347121, -0.0538285, 0.0112284, 0.0512774
1618587139457904816, -0.959647, 0.0199948, -0.0481308, 0.276336, -0.000149414, -0.192135, -0.320004, -0.0802466, -0.00120907, 0.0981087
1618587139558265686, -0.943947, 0.0163843, -0.0614881, 0.323904, -0.0176286, -0.208839, -0.293995, -0.0967341, -0.037266, 0.12015
1618587139658652306, -0.926824, 0.0149587, -0.0734266, 0.367943, -0.0350707, -0.230215, -0.268749, -0.111992, -0.0857069, 0.128152
1618587139758934021, -0.91111, 0.013918, -0.0864909, 0.402747, -0.0554905, -0.244017, -0.247917, -0.140918, -0.121414, 0.124841
1618587139859107733, -0.900667, 0.0136342, -0.09744, 0.423224, -0.077769, -0.247338, -0.232666, -0.163375, -0.116367, 0.127375
1618587139959269285, -0.895321, 0.0136704, -0.099891, 0.433861, -0.0937041, -0.252511, -0.220765, -0.155517, -0.100231, 0.118483
1618587140059334755, -0.895029, 0.015887, -0.1004, 0.434271, -0.105124, -0.248583, -0.219141, -0.143918, -0.0507066, 0.0976655
1618587140159291506, -0.900221, 0.0180813, -0.0934333, 0.424907, -0.104818, -0.244598, -0.221726, -0.0999539, -2.59622e-05, 0.0947253
1618587140259178400, -0.907996, 0.0187655, -0.0857736, 0.409675, -0.0983505, -0.236579, -0.224824, -0.0741471, 0.0466, 0.0972965
1618587140358970404, -0.918835, 0.0185766, -0.0846876, 0.385001, -0.0933723, -0.22021, -0.234794, -0.0586876, 0.0956584, 0.0847672
1618587140458735466, -0.934641, 0.0169378, -0.0786874, 0.346363, -0.0875276, -0.198661, -0.254252, -0.0280235, 0.149302, 0.0624482
1618587140558581591, -0.952854, 0.0173455, -0.0683795, 0.295115, -0.0773934, -0.177589, -0.279671, 0.00451426, 0.195819, 0.012583
1618587140658480167, -0.97003, 0.020238, -0.0576525, 0.235179, -0.063164, -0.161327, -0.300957, 0.0319869, 0.218112, -0.0567535
1618587140758381367, -0.983516, 0.0236571, -0.0507335, 0.171937, -0.0495547, -0.143311, -0.312831, 0.0380392, 0.250118, -0.108667
1618587140858233452, -0.992584, 0.0243379, -0.050794, 0.107723, -0.0409242, -0.123513, -0.320611, 0.0443636, 0.247263, -0.154362
1618587140958194256, -0.996775, 0.0228377, -0.0568255, 0.0518558, -0.0367755, -0.105981, -0.32562, 0.0480509, 0.242492, -0.202652
1618587141058313131, -0.997475, 0.0199499, -0.065547, 0.0186894, -0.0362889, -0.0937394, -0.329137, 0.0615375, 0.192867, -0.23942
1618587141158497095, -0.997261, 0.0172761, -0.0715635, 0.00709876, -0.0373869, -0.0867461, -0.336563, 0.0659354, 0.135152, -0.241831
1618587141258653402, -0.997161, 0.0148009, -0.0737923, 0.00215672, -0.039695, -0.0835857, -0.347928, 0.0595994, 0.0900641, -0.233758
1618587141358790874, 0.997437, -0.0132133, 0.0703214, 0.000347799, -0.0406284, -0.0832835, -0.360361, 0.0573558, 0.0568692, -0.217991
1618587141458893538, 0.997969, -0.0122553, 0.0624931, 0.00119693, -0.0389335, -0.0843267, -0.363293, 0.056594, 0.0346728, -0.16087
1618587141558847666, 0.998195, -0.0109468, 0.0590231, 0.00173704, -0.036872, -0.0849947, -0.357802, 0.049219, 0.013713, -0.0902262
1618587141658672333, 0.998176, -0.00978091, 0.0595038, 0.0027682, -0.0357787, -0.0867138, -0.345746, 0.0336981, -0.00279795, -0.0210956
1618587141758498192, 0.997933, -0.00990904, 0.0633861, 0.00377026, -0.0359634, -0.0971986, -0.330081, 0.0205528, -0.0284598, 0.0463517
1618587141858539104, 0.99733, -0.0190239, 0.0703379, 0.00495166, -0.0323833, -0.127755, -0.315508, 0.019372, -0.0918819, 0.0913797
1618587141958824873, 0.996227, -0.0448534, 0.0739598, 0.00709997, -0.0176201, -0.185275, -0.315375, 0.0242354, -0.188532, 0.095246
1618587142059305668, 0.993375, -0.0882723, 0.0728646, 0.0102878, 0.000730583, -0.251055, -0.315373, 0.0215474, -0.277244, 0.095375
1618587142159627199, 0.987318, -0.140842, 0.072027, 0.0133573, 0.0128046, -0.318313, -0.329322, 0.000409018, -0.353874, 0.0638333
1618587142259676218, 0.978113, -0.196637, 0.0660593, 0.0162638, 0.0169876, -0.378509, -0.35018, -0.0380412, -0.392006, 0.0235417
1618587142359422207, 0.965955, -0.250826, 0.0606837, 0.0182708, 0.0121521, -0.43205, -0.339984, -0.0506671, -0.452361, 0.0639704
1618587142458931446, 0.951922, -0.298755, 0.0651564, 0.0185877, -0.0015685, -0.48099, -0.298206, -0.0921283, -0.486009, 0.157938
1618587142558458090, 0.935199, -0.34336, 0.0845599, 0.0188776, -0.0215676, -0.529771, -0.271814, -0.1464, -0.507706, 0.196742
1618587142658184290, 0.916131, -0.387739, 0.0996697, 0.0207046, -0.0577332, -0.56522, -0.245355, -0.234707, -0.496425, 0.228275
1618587142758077621, 0.891533, -0.437252, 0.114153, 0.0307898, -0.125965, -0.560312, -0.222756, -0.381661, -0.382722, 0.238576
1618587142857940197, 0.858759, -0.492912, 0.131465, 0.0478277, -0.244295, -0.517135, -0.215068, -0.627257, -0.176328, 0.198622
1618587142957814455, 0.818764, -0.552985, 0.141571, 0.0615717, -0.403886, -0.446412, -0.216863, -0.909118, 0.0800904, 0.158447
1618587143057769060, 0.78356, -0.601755, 0.139494, 0.0668319, -0.532657, -0.363973, -0.23556, -1.0577, 0.317477, 0.0946514
1618587143157608271, 0.759038, -0.634584, 0.131432, 0.062371, -0.634228, -0.280341, -0.257164, -1.10724, 0.48149, 0.042045
1618587143257312536, 0.746696, -0.652229, 0.119814, 0.0518385, -0.7019, -0.201204, -0.273438, -1.07315, 0.612498, 0.0300954
1618587143357054710, 0.74024, -0.661469, 0.110597, 0.0476622, -0.729705, -0.11244, -0.293383, -0.973275, 0.721543, 0.0243275
1618587143456827402, 0.742561, -0.659624, 0.106358, 0.0467773, -0.705628, -0.0177433, -0.31428, -0.814886, 0.744123, 0.020554
1618587143556669474, 0.75255, -0.64828, 0.106432, 0.0455318, -0.635579, 0.0750492, -0.333574, -0.637817, 0.718041, 0.0295405
1618587143656601191, 0.767943, -0.628956, 0.113268, 0.0429928, -0.535484, 0.143846, -0.354514, -0.464434, 0.589575, 0.0351729
1618587143756621599, 0.785703, -0.605272, 0.122008, 0.0378248, -0.439572, 0.162318, -0.37284, -0.347995, 0.373165, 0.0222492
1618587143856775284, 0.809937, -0.572236, 0.125931, 0.0262674, -0.0848243, 0.217501, -0.410424, 0.0826949, 0.0233797, 0.0168157
1618587143956947565, 0.833763, -0.536427, 0.129874, 0.0147447, 0.0955492, 0.200908, -0.428034, 0.280897, -0.260317, 0.012623
1618587144057023048, 0.849559, -0.511481, 0.128823, 0.00639526, 0.196733, 0.139956, -0.423946, 0.416421, -0.447085, 0.0316535
1618587144156974554, 0.866208, -0.482037, 0.131608, 0.00188961, 0.2519, 0.0600589, -0.424094, 0.480761, -0.54356, 0.0529206
1618587144256821394, -0.883512, 0.447868, -0.137189, 0.00091819, 0.305827, -0.0597956, -0.429395, 0.57008, -0.736842, 0.0781972
1618587144356632471, -0.906514, 0.401911, -0.12906, 0.00664343, 0.463839, -0.121779, -0.412592, 0.839857, -0.746194, 0.107403
1618587144456743717, -0.933118, 0.339861, -0.116635, 0.013503, 0.656341, -0.118415, -0.387188, 1.13689, -0.533242, 0.116394
1618587144557005405, -0.954396, 0.277973, -0.10766, 0.016396, 0.87289, -0.106144, -0.371927, 1.40351, -0.306274, 0.0910142
1618587144657214880, -0.975852, 0.191137, -0.104719, 0.0145997, 0.987679, -0.0510306, -0.376613, 1.43192, -0.0339627, 0.0326041
1618587144757584333, -0.989219, 0.103543, -0.103131, 0.00938228, 1.10692, 0.0335137, -0.430324, 1.4376, 0.245849, -0.10951
1618587144857953787, 0.993958, -0.0279675, 0.10614, 0.000571358, 1.30615, 0.143886, -0.527203, 1.60876, 0.552103, -0.306875
1618587144958230257, 0.991529, 0.0608774, 0.11433, 0.00967922, 1.45577, 0.29826, -0.573223, 1.62038, 0.926568, -0.345981
1618587145058308363, 0.980098, 0.157385, 0.119624, 0.0180969, 1.54036, 0.469467, -0.617179, 1.4402, 1.25565, -0.372909
1618587145158501863, 0.962481, 0.239021, 0.126447, 0.0225803, 1.585, 0.614675, -0.640654, 1.1434, 1.4697, -0.386502
1618587145258775711, 0.945112, 0.299295, 0.129942, 0.017373, 1.59887, 0.679531, -0.653093, 0.804331, 1.44822, -0.402336
1618587145358957291, 0.92411, 0.357923, 0.133354, 0.0113477, 1.56587, 0.776318, -0.640504, 0.388734, 1.50232, -0.371402
1618587145459073067, 0.902085, 0.408122, 0.140095, 0.00719458, 1.50958, 0.926054, -0.631244, -0.00613749, 1.64878, -0.355532
1618587145559127331, 0.88234, 0.450509, 0.136025, 0.00391479, 1.44092, 1.00685, -0.58448, -0.374774, 1.60185, -0.286806
1618587145659078598, 0.862266, 0.490598, 0.125635, 0.00520304, 1.37017, 1.03971, -0.559462, -0.640614, 1.45208, -0.221155
1618587145759017944, 0.83872, 0.531505, 0.118533, 0.00119126, 1.32778, 1.00434, -0.546885, -0.704534, 1.18128, -0.148259
1618587145859025955, -0.816948, -0.565785, -0.111481, 0.00739742, 1.30304, 0.932598, -0.529997, -0.628435, 0.86148, -0.0689795
1618587145959104776, -0.802981, -0.588613, -0.0933784, 0.0060306, 1.28094, 0.857938, -0.506698, -0.533943, 0.548999, 0.00228738
1618587146059245348, 0.796753, 0.599726, 0.0742419, 0.000457032, 1.26376, 0.782458, -0.494759, -0.435717, 0.251694, 0.0281104
1618587146159259319, 0.794879, 0.603328, 0.0645013, 0.001098, 1.25422, 0.708732, -0.49185, -0.355269, 0.00901687, 0.0496863
1618587146259267092, -0.796467, -0.601816, -0.0585956, 0.00503673, 1.26974, 0.608605, -0.499517, -0.20645, -0.208648, 0.0793034
1618587146359394073, -0.807951, -0.587175, -0.0484638, 0.00955131, 1.27484, 0.444662, -0.514505, -0.0452523, -0.569285, 0.0745645
1618587146459597349, -0.824306, -0.564564, -0.0420925, 0.00385084, 1.31831, 0.326503, -0.526073, 0.0965401, -0.724997, 0.0694378
1618587146559700489, 0.84479, 0.533555, 0.040583, 0.00135839, 1.36339, 0.210369, -0.530426, 0.206562, -0.893149, 0.062414
1618587146659721136, -0.869278, -0.492283, -0.0448499, 0.00103964, 1.39679, 0.0831845, -0.53386, 0.258778, -1.06213, 0.0342333
1618587146759684563, -0.901673, -0.429459, -0.0502684, 0.00499193, 1.35235, -0.0548709, -0.536085, 0.123325, -1.25446, 0.0024864
1618587146859676600, -0.935714, -0.349046, -0.050919, 0.00352847, 1.25236, -0.201123, -0.52198, -0.109649, -1.39848, 0.0197292
1618587146959504128, 0.966128, 0.254087, 0.0448419, 0.00507625, 1.07499, -0.273949, -0.493063, -0.459735, -1.35461, 0.0680389
1618587147059164047, 0.984152, 0.172424, 0.0400169, 0.010637, 0.946243, -0.289247, -0.447634, -0.690129, -1.1775, 0.143545
1618587147158657789, 0.994468, 0.0943072, 0.0446829, 0.0119977, 0.804006, -0.291719, -0.405003, -0.922173, -0.924785, 0.215245
1618587147258135080, 0.998151, 0.0132443, 0.0581677, 0.0116436, 0.59434, -0.285566, -0.43015, -1.22431, -0.582186, 0.124397
1618587147357864618, 0.994556, -0.0620624, 0.0826303, 0.0133779, 0.379739, -0.268184, -0.444219, -1.46196, -0.245974, 0.0442177
1618587147457737207, 0.987289, -0.120028, 0.103067, 0.01519, 0.246442, -0.245329, -0.447398, -1.50065, -0.021832, -0.0115019
1618587147557581902, 0.976762, -0.181058, 0.112772, 0.0209065, 0.123602, -0.0646496, -0.457806, -1.46858, 0.499712, -0.0501206
1618587147657469749, 0.964747, -0.233168, 0.119577, 0.0244387, -0.000224172, 0.14867, -0.467569, -1.39997, 1.01488, -0.0794264
1618587147757443190, 0.953402, -0.277725, 0.115721, 0.022389, -0.103293, 0.370505, -0.466319, -1.27596, 1.46273, -0.0971164
1618587147857464314, 0.942684, -0.316788, 0.10397, 0.0135019, -0.140295, 0.559083, -0.443462, -1.0433, 1.73478, -0.064736
1618587147957422733, 0.930793, -0.352844, 0.0955168, 0.00167714, -0.119431, 0.677995, -0.411097, -0.762813, 1.76912, 0.00473655
1618587148057334423, -0.918714, 0.384165, -0.0913635, 0.00583924, -0.0662629, 0.753916, -0.381557, -0.470972, 1.69015, 0.0851154
1618587148157282114, -0.906837, 0.41061, -0.0948138, 0.00748426, 0.00772175, 0.797596, -0.358028, -0.189889, 1.51848, 0.156481
1618587148257234573, -0.896489, 0.430804, -0.1033, 0.00673994, 0.0911871, 0.811147, -0.342622, 0.0514067, 1.27891, 0.216129
1618587148357281685, -0.887463, 0.447316, -0.110773, 0.00678649, 0.191049, 0.775227, -0.330132, 0.241673, 0.92732, 0.254214
1618587148457213879, -0.880281, 0.458321, -0.122567, 0.00491876, 0.309263, 0.680722, -0.304932, 0.373002, 0.459412, 0.297744
1618587148556976318, -0.884279, 0.44885, -0.128721, 0.00390644, 0.391821, 0.603633, -0.303328, 0.44075, 0.115814, 0.270221
1618587148656574726, -0.897907, 0.421466, -0.126722, 0.00842877, 0.519116, 0.49031, -0.35387, 0.548671, -0.217458, 0.117974
1618587148756284475, -0.916971, 0.38109, -0.117164, 0.0144116, 0.702017, 0.335711, -0.370731, 0.723278, -0.577537, 0.0507899
1618587148856269360, -0.938687, 0.329189, -0.101571, 0.0136093, 0.826558, 0.203028, -0.380237, 0.840793, -0.766332, -0.0218067
1618587148956488609, -0.958804, 0.270054, -0.0877551, 0.00805497, 0.958648, 0.0749044, -0.384273, 1.00366, -0.910318, -0.0802502
1618587149056883812, 0.977071, -0.198467, 0.0770764, 0.00165598, 1.1545, -0.031944, -0.409274, 1.30749, -1.00593, -0.157459
1618587149157383204, 0.989837, -0.122961, 0.0707236, 0.0100894, 1.34552, -0.110101, -0.447954, 1.58782, -1.01901, -0.208938
1618587149257866383, 0.996448, -0.0344726, 0.0759348, 0.0117278, 1.54102, -0.0897213, -0.488595, 1.87901, -0.798443, -0.250519
1618587149358393431, 0.995161, 0.0449075, 0.0867478, 0.0106491, 1.67049, -0.0535926, -0.526189, 1.97877, -0.553048, -0.287827
1618587149458900452, 0.989692, 0.116993, 0.0818418, 0.0111391, 1.76434, 0.028116, -0.534414, 1.95863, -0.194807, -0.279164
1618587149559289455, 0.980795, 0.181737, 0.0684235, 0.0181808, 1.79024, 0.120286, -0.561735, 1.68341, 0.136334, -0.320099
1618587149659509897, 0.96712, 0.244308, 0.0643443, 0.0291825, 1.74371, 0.270534, -0.561285, 1.17368, 0.512976, -0.322892
1618587149759621143, 0.950223, 0.300426, 0.0743827, 0.0358843, 1.63887, 0.490263, -0.56099, 0.55622, 0.932564, -0.316447
1618587149859593630, 0.931486, 0.34955, 0.0943955, 0.0351885, 1.53311, 0.693116, -0.539907, 0.0130574, 1.23946, -0.269681
1618587149959526539, 0.911827, 0.391952, 0.119426, 0.02612, 1.41493, 0.807823, -0.540747, -0.412846, 1.32833, -0.268364
1618587150059636831, 0.89626, 0.42462, 0.126742, 0.0187696, 1.29599, 0.861136, -0.546212, -0.728534, 1.29538, -0.264524
1618587150159712791, 0.881734, 0.454293, 0.125918, 0.0175269, 1.19048, 0.868899, -0.546451, -0.978101, 1.11628, -0.252528
1618587150259914398, 0.868433, 0.480984, 0.119132, 0.016915, 1.10811, 0.845673, -0.542189, -1.06825, 0.890023, -0.245417
1618587150360185146, 0.858463, 0.501021, 0.109029, 0.0114395, 1.05087, 0.817123, -0.530802, -1.06758, 0.6988, -0.227151
1618587150460314274, 0.853137, 0.513367, 0.0917578, 0.0138664, 1.00953, 0.793749, -0.51353, -1.01423, 0.526232, -0.172356
1618587150560303450, 0.851213, 0.518728, 0.0770779, 0.0203881, 0.987142, 0.764769, -0.49034, -0.906602, 0.381414, -0.0782889
1618587150660186529, 0.852299, 0.517705, 0.0715573, 0.0211563, 0.994719, 0.742179, -0.461388, -0.753678, 0.294978, 0.0303862
1618587150760112524, 0.85803, 0.507852, 0.0754592, 0.0132913, 1.03108, 0.726335, -0.431043, -0.565014, 0.290122, 0.103476
1618587150860091925, 0.871478, 0.484307, 0.0771962, 0.00354664, 1.01802, 0.608985, -0.431421, -0.472701, -0.0107059, 0.097198
1618587150960015297, 0.887638, 0.454062, 0.0769758, 0.000984001, 1.05581, 0.478058, -0.447705, -0.289204, -0.259578, 0.0559115
1618587151059867382, -0.905645, -0.41735, -0.0749919, 0.00122813, 1.13466, 0.317538, -0.457888, -0.0260894, -0.551589, 0.0298645
1618587151159623146, -0.926096, -0.369886, -0.0742909, 0.00321063, 1.19434, 0.141648, -0.471819, 0.122008, -0.879551, -0.0155402
1618587151259357691, -0.946282, -0.315691, -0.0698612, 0.00309984, 1.24441, -0.0233552, -0.485889, 0.202997, -1.13643, -0.0732937
1618587151359324932, 0.967528, 0.245349, 0.0607704, 0.000866132, 1.2489, -0.159649, -0.489692, 0.154253, -1.28284, -0.0868278
1618587151459269285, 0.985109, 0.165648, 0.0459573, 0.00310945, 1.21705, -0.276696, -0.474998, 0.0211811, -1.3726, -0.043039
1618587151559033871, 0.995827, 0.0808492, 0.042333, 0.000803633, 1.12818, -0.322847, -0.439722, -0.215264, -1.30816, 0.0245672
1618587151658586979, -0.998679, -0.00265247, -0.0512997, 0.000882311, 1.06415, -0.315613, -0.395824, -0.372812, -1.11101, 0.0995867
1618587151758018255, 0.994961, -0.0700014, 0.0717444, 0.00240896, 0.99871, -0.301455, -0.369851, -0.500145, -0.892893, 0.137471
1618587151857528687, 0.984475, -0.141186, 0.103333, 0.0140334, 0.875359, -0.275581, -0.402291, -0.769424, -0.635437, 0.051196
1618587151957312346, 0.969707, -0.206066, 0.1294, 0.0214794, 0.729354, -0.248967, -0.447053, -1.02074, -0.386798, -0.0664669
1618587152057326317, 0.954503, -0.259174, 0.146196, 0.0194607, 0.64518, -0.238203, -0.455904, -1.07202, -0.234433, -0.100792
1618587152157413721, 0.936892, -0.312953, 0.154607, 0.0197574, 0.551921, -0.089279, -0.461617, -1.10701, 0.202236, -0.115487
1618587152257417679, 0.922666, -0.354716, 0.150037, 0.0187968, 0.465545, 0.0983482, -0.465319, -1.07963, 0.640385, -0.127236
1618587152357269764, 0.913198, -0.382494, 0.139752, 0.0154244, 0.402433, 0.282069, -0.459318, -0.998945, 0.992506, -0.121769
1618587152457059145, 0.907478, -0.399508, 0.129286, 0.0127261, 0.365589, 0.466774, -0.456748, -0.848779, 1.2915, -0.0849205
1618587152556889534, 0.902354, -0.414227, 0.118491, 0.0115245, 0.377954, 0.604953, -0.448513, -0.639861, 1.42769, -0.0102736
1618587152656730175, 0.895962, -0.427914, 0.118149, 0.0135044, 0.439031, 0.673791, -0.447427, -0.418818, 1.34734, 0.028886
1618587152756565094, 0.889937, -0.439056, 0.122572, 0.0148117, 0.547979, 0.654598, -0.420773, -0.210976, 1.02456, 0.12258
1618587152856382608, 0.891977, -0.434079, 0.12516, 0.0169273, 0.646491, 0.632503, -0.410078, -0.0377022, 0.765474, 0.162989
1618587152956148386, 0.898322, -0.419161, 0.130055, 0.0201687, 0.818551, 0.553711, -0.444694, 0.23001, 0.406472, 0.0732915
1618587153055872679, 0.911644, -0.389876, 0.128831, 0.0174473, 0.971719, 0.442311, -0.47726, 0.40462, 0.0138989, 0.00224367
1618587153155734539, 0.933079, -0.340297, 0.115762, 0.0126486, 1.08145, 0.359664, -0.488207, 0.539345, -0.222516, -0.0311427
1618587153255987883, 0.953144, -0.284871, 0.101081, 0.01217, 1.20177, 0.262816, -0.492701, 0.669664, -0.405631, -0.0667343
1618587153356606722, 0.968704, -0.230937, 0.0902203, 0.0118598, 1.36379, 0.141287, -0.485864, 0.863106, -0.578391, -0.0765096
1618587153457669258, 0.981277, -0.173569, 0.0831557, 0.00737257, 1.52355, 0.081876, -0.467877, 1.08903, -0.557117, -0.0659462
1618587153558904171, 0.987759, -0.13123, 0.0838354, 0.00910969, 1.70156, 0.0161403, -0.472617, 1.29124, -0.540494, -0.100955
1618587153659986019, 0.991451, -0.0945754, 0.0883711, 0.0164835, 1.83099, -0.000745988, -0.499894, 1.39986, -0.424182, -0.151122
1618587153760664225, 0.992286, -0.0658307, 0.102512, 0.0229463, 1.91147, 0.0117655, -0.52616, 1.38261, -0.280646, -0.172752
1618587153860972643, 0.991987, -0.0488282, 0.113188, 0.0276766, 1.95919, 0.0312297, -0.56027, 1.30948, -0.171595, -0.193658
1618587153960882187, 0.99221, -0.043217, 0.113223, 0.0288378, 1.98955, 0.0513382, -0.589242, 1.17818, -0.0944558, -0.204738
1618587154060386419, 0.992999, -0.0441118, 0.105603, 0.0292309, 2.02215, 0.0834779, -0.563112, 1.01933, 0.000675713, -0.123776
1618587154159618378, 0.99543, -0.0465345, 0.0782541, 0.0288121, 2.04741, 0.159199, -0.522859, 0.859665, 0.191813, -0.06105
1618587154258888721, 0.997516, -0.0508108, 0.0397589, 0.028267, 2.05249, 0.24786, -0.50335, 0.684299, 0.389398, -0.0520598
1618587154358263969, 0.997947, -0.0558922, -0.0161282, 0.0267785, 2.02265, 0.364522, -0.456508, 0.456336, 0.622305, 0.0109555
1618587154457809687, 0.995368, -0.059663, -0.0712452, 0.0246467, 1.99338, 0.492198, -0.395774, 0.256034, 0.843605, 0.112752
1618587154557547569, 0.990819, -0.0608144, -0.118865, 0.0212246, 1.96547, 0.607572, -0.368184, 0.0955499, 0.981244, 0.158958
1618587154657488585, 0.983962, -0.0591358, -0.167374, 0.0175256, 1.94873, 0.72017, -0.344583, -0.0117417, 1.08526, 0.185823
1618587154757614851, 0.975143, -0.0571173, -0.213556, 0.0150612, 1.92249, 0.831069, -0.298916, -0.117192, 1.16706, 0.268394
1618587154857867479, 0.964762, -0.0544598, -0.257093, 0.0130677, 1.89915, 0.921764, -0.252946, -0.172985, 1.19352, 0.352852
1618587154958239317, 0.954952, -0.0529462, -0.291824, 0.0101077, 1.88093, 1.00714, -0.206475, -0.209164, 1.21328, 0.437064
1618587155058753967, 0.946648, -0.0532432, -0.317732, 0.00830283, 1.87859, 1.08111, -0.154003, -0.200139, 1.19808, 0.513749
1618587155159231663, 0.936323, -0.0532143, -0.347001, 0.00756076, 1.88886, 1.12563, -0.110095, -0.156663, 1.1249, 0.557748
1618587155259570122, 0.933158, -0.0529595, -0.355424, 0.00923877, 1.89909, 1.15196, -0.0817112, -0.115711, 1.00133, 0.582871
1618587155359626770, 0.932765, -0.0502865, -0.356821, 0.00998378, 1.90863, 1.15963, -0.0670794, -0.0651314, 0.858557, 0.57014
1618587155459645033, 0.933895, -0.0486831, -0.354079, 0.00986019, 1.91686, 1.15844, -0.0477301, -0.0264711, 0.720183, 0.57566
1618587155559643745, 0.944231, -0.0485074, -0.325521, 0.010486, 1.9283, 1.168, 0.00043402, -0.00609917, 0.59806, 0.636392
1618587155659542322, 0.96467, -0.0414203, -0.259845, 0.0133077, 1.9077, 1.12292, -0.0137921, -0.0469978, 0.395789, 0.560482
1618587155759442329, 0.981896, -0.0287638, -0.186462, 0.016881, 1.90612, 0.97131, -0.145039, -0.0402957, 0.0391706, 0.276474
1618587155859429836, 0.993668, -0.0135248, -0.10985, 0.019326, 1.86529, 0.740056, -0.276413, -0.0696585, -0.446162, 0.00012922
1618587155959504366, 0.999156, -0.00380165, -0.0353866, 0.020502, 1.81868, 0.479053, -0.335545, -0.0687661, -0.964783, -0.146165
1618587156059498549, 0.999278, 0.0031726, 0.0322778, 0.0197818, 1.7708, 0.216961, -0.402443, -0.075754, -1.42418, -0.305563
1618587156159383535, 0.995909, 0.00712474, 0.0886246, 0.0161498, 1.7271, -0.0378515, -0.491429, -0.103233, -1.79946, -0.484156
1618587156259266376, 0.988379, 0.00736378, 0.151199, 0.0138671, 1.69741, -0.258002, -0.600048, -0.10976, -2.05115, -0.660442
1618587156359132528, 0.97944, 0.00431716, 0.201217, 0.0138225, 1.67381, -0.425411, -0.725627, -0.0947762, -2.1582, -0.846271
1618587156459017515, 0.96999, 0.000785606, 0.242754, 0.0137655, 1.66941, -0.5412, -0.866641, -0.0395889, -2.11535, -1.0053
1618587156559027195, 0.959758, -0.00276327, 0.280565, 0.0117977, 1.66618, -0.602537, -0.998408, 0.00162638, -1.94271, -1.10808
1618587156659065247, 0.948952, -0.00355807, 0.315303, 0.00779597, 1.66746, -0.63245, -1.09672, 0.0631823, -1.70435, -1.12042
1618587156759099960, 0.939892, -0.000847171, 0.341455, 0.00333527, 1.67134, -0.631476, -1.14441, 0.136616, -1.40242, -1.02892
1618587156859137058, -0.936395, -0.00540305, -0.350906, 0.000942038, 1.66993, -0.611658, -1.16552, 0.187942, -1.079, -0.913254
1618587156959289312, -0.93711, -0.0142721, -0.348707, 0.00495995, 1.6622, -0.581103, -1.17075, 0.201098, -0.766444, -0.779622
1618587157059501648, -0.943653, -0.0318439, -0.329199, 0.0115296, 1.66515, -0.566578, -0.979677, 0.214368, -0.496446, -0.232688
1618587157159716606, -0.955688, -0.0528197, -0.288874, 0.020565, 1.67477, -0.493391, -0.731606, 0.243426, -0.149897, 0.348239
1618587157259853840, -0.968647, -0.0692428, -0.237054, 0.0271014, 1.68065, -0.396537, -0.550172, 0.233333, 0.164309, 0.705639
1618587157359785795, -0.978114, -0.0814933, -0.189043, 0.0302503, 1.6871, -0.264509, -0.43233, 0.226305, 0.485963, 0.874084
1618587157459655762, -0.986828, -0.0901885, -0.131077, 0.0292468, 1.68806, -0.111566, -0.381887, 0.237509, 0.792907, 0.872576
1618587157559535265, -0.99259, -0.0962732, -0.0691147, 0.026822, 1.68422, 0.0393862, -0.347608, 0.215032, 1.04664, 0.816443
1618587157659474134, -0.994308, -0.100235, -0.0269296, 0.0240591, 1.67787, 0.19729, -0.303132, 0.180723, 1.28787, 0.789065
1618587157759470701, -0.994212, -0.10233, 0.0270355, 0.0184668, 1.67189, 0.33624, -0.262323, 0.156347, 1.45053, 0.746717
1618587157859433413, -0.992104, -0.103886, 0.0691606, 0.0124425, 1.66436, 0.431975, -0.218739, 0.112798, 1.47391, 0.690172
1618587157959350109, -0.988183, -0.10796, 0.108562, 0.00728342, 1.65677, 0.493911, -0.212511, 0.0796091, 1.41643, 0.551068
1618587158059309244, -0.981898, -0.113317, 0.151757, 0.00227015, 1.64008, 0.549805, -0.232996, 0.0519378, 1.34963, 0.370717
1618587158159321547, 0.97187, 0.118601, -0.203468, 0.00171783, 1.62806, 0.613826, -0.247462, 0.030911, 1.28911, 0.229495
1618587158259383202, 0.959317, 0.123177, -0.253968, 0.00626774, 1.60289, 0.689001, -0.247541, -0.0398714, 1.24738, 0.151963
1618587158359532356, 0.945977, 0.124826, -0.298954, 0.0131105, 1.57611, 0.790863, -0.25521, -0.111027, 1.25455, 0.0911815
1618587158459735394, 0.932164, 0.12413, -0.339476, 0.0204276, 1.55518, 0.913998, -0.27165, -0.161564, 1.30224, 0.0293563
1618587158559923887, 0.92126, 0.123554, -0.36788, 0.0260722, 1.54045, 1.00065, -0.283357, -0.189657, 1.26644, -0.00977103
1618587158660004377, 0.914842, 0.124072, -0.383237, 0.0282872, 1.52828, 1.06466, -0.2948, -0.197518, 1.17937, -0.0220284
1618587158760043383, 0.911709, 0.124678, -0.390372, 0.0291789, 1.52108, 1.09934, -0.30063, -0.184385, 1.03413, -0.0155903
1618587158860041380, 0.911998, 0.125422, -0.38946, 0.029166, 1.51737, 1.11222, -0.299076, -0.168227, 0.85526, 0.0202901
1618587158960027695, 0.921873, 0.12762, -0.364853, 0.0273055, 1.52793, 1.11239, -0.321899, -0.133689, 0.668234, 0.000627171
1618587159059927464, 0.940528, 0.130741, -0.312848, 0.0209815, 1.5331, 1.0985, -0.333109, -0.101451, 0.479444, -0.0217027
1618587159159767389, 0.959579, 0.131841, -0.24829, 0.013319, 1.54283, 1.05584, -0.326658, -0.0563074, 0.257473, -0.0268221
1618587159259557486, 0.974867, 0.137205, -0.175398, 0.00673995, 1.55417, 0.945532, -0.400516, 0.0101282, -0.0790326, -0.205884
1618587159359380484, -0.983885, -0.143602, 0.106522, 0.00147468, 1.55728, 0.72526, -0.490211, 0.0822946, -0.593889, -0.395647
1618587159459197998, -0.988664, -0.145735, 0.0337804, 0.0127597, 1.54184, 0.442942, -0.538524, 0.0968061, -1.17281, -0.479575
1618587159559043407, -0.988186, -0.144767, -0.0440218, 0.0243419, 1.53575, 0.16733, -0.548531, 0.105476, -1.66231, -0.487717
1618587159658971786, -0.982571, -0.142034, -0.114894, 0.0343345, 1.5284, -0.0659173, -0.564616, 0.105865, -1.99004, -0.500461
1618587159758990765, -0.9725, -0.138249, -0.182175, 0.0440909, 1.52755, -0.256459, -0.574429, 0.103, -2.16811, -0.485138
1618587159859143257, -0.957818, -0.133833, -0.248567, 0.0537335, 1.52383, -0.415205, -0.565292, 0.0712186, -2.25483, -0.427059
1618587159959422827, -0.938312, -0.126457, -0.315424, 0.0639258, 1.50284, -0.5451, -0.549562, -0.00455464, -2.23855, -0.361511
1618587160059721947, -0.919185, -0.117389, -0.369217, 0.0706899, 1.47515, -0.634338, -0.522349, -0.0529441, -2.10217, -0.257608
1618587160159910202, -0.912031, -0.113505, -0.387061, 0.0741569, 1.45682, -0.683113, -0.481326, -0.0582842, -1.87569, -0.129609
1618587160259945869, -0.909469, -0.112083, -0.393011, 0.0764636, 1.44981, -0.705932, -0.435079, -0.0828743, -1.6229, -0.0126687
1618587160359930038, -0.901923, -0.111391, -0.409219, 0.081648, 1.45293, -0.696098, -0.392969, -0.115487, -1.33937, 0.117553
1618587160459831953, -0.891473, -0.110976, -0.430387, 0.0879077, 1.45804, -0.668234, -0.355846, -0.0901953, -1.0374, 0.251558
1618587160559697866, -0.891309, -0.113284, -0.429772, 0.0896149, 1.46458, -0.626332, -0.322488, -0.0493878, -0.729711, 0.356335
1618587160659568071, -0.89604, -0.118075, -0.419129, 0.0866098, 1.4857, -0.552476, -0.297158, 0.00318131, -0.398877, 0.418058
1618587160759552956, -0.916378, -0.127936, -0.370455, 0.081529, 1.50548, -0.472007, -0.245387, 0.0663193, -0.106552, 0.499196
1618587160859595299, -0.93724, -0.139278, -0.31001, 0.0779512, 1.52133, -0.355986, -0.212595, 0.0870466, 0.236618, 0.484637
1618587160959585190, -0.956528, -0.149826, -0.239865, 0.0712106, 1.55722, -0.250529, -0.210014, 0.142993, 0.506996, 0.385159
1618587161059492350, -0.971995, -0.162558, -0.15857, 0.0604624, 1.55046, -0.116941, -0.228584, 0.121067, 0.797902, 0.23591
1618587161159411669, -0.979111, -0.171907, -0.096548, 0.0496751, 1.53244, 0.0386109, -0.269906, 0.058983, 1.08093, 0.0500014
1618587161259489059, -0.981029, -0.176579, -0.0661039, 0.0450842, 1.51133, 0.149699, -0.279557, -0.0292153, 1.20974, -0.0119581
1618587161359583855, -0.981349, -0.177782, -0.0566325, 0.0462686, 1.50567, 0.210507, -0.266417, -0.0668135, 1.20194, 0.0132556
1618587161459653139, -0.98072, -0.178752, -0.0602897, 0.0509941, 1.50396, 0.237483, -0.245042, -0.0800904, 1.10992, 0.0707674
1618587161559635639, -0.979766, -0.179957, -0.0676549, 0.0556564, 1.50063, 0.24159, -0.22806, -0.0794325, 0.979182, 0.103206
1618587161659568787, -0.979266, -0.1808, -0.0702997, 0.0583693, 1.49736, 0.230304, -0.215169, -0.0687716, 0.82542, 0.153873
1618587161759477615, -0.97913, -0.18143, -0.0689861, 0.0602432, 1.48923, 0.203498, -0.210917, -0.0710531, 0.638552, 0.227903
1618587161859317303, -0.979389, -0.182207, -0.0630945, 0.0601452, 1.47849, 0.170713, -0.210344, -0.07694, 0.448315, 0.296734
1618587161959112406, -0.979663, -0.183275, -0.058744, 0.0567373, 1.46501, 0.139433, -0.219696, -0.102733, 0.292363, 0.301763
1618587162058974981, -0.979939, -0.184998, -0.0553207, 0.0493503, 1.4526, 0.109168, -0.243712, -0.134284, 0.162121, 0.230197
1618587162158935070, -0.980078, -0.185493, -0.059758, 0.0383268, 1.44133, 0.0775047, -0.293171, -0.13938, 0.0515846, 0.0584461
1618587162258983850, -0.98044, -0.183463, -0.0667695, 0.024896, 1.43107, 0.0454515, -0.363152, -0.141085, -0.0396078, -0.165346
1618587162358972788, -0.980331, -0.1812, -0.076787, 0.0149004, 1.42058, 0.0165091, -0.437667, -0.130977, -0.124239, -0.37986
1618587162458916664, -0.979621, -0.178969, -0.0906175, 0.0100932, 1.40659, -0.00948081, -0.500187, -0.142722, -0.18941, -0.536215
1618587162558845758, -0.97923, -0.175522, -0.101193, 0.00778969, 1.39244, -0.0325926, -0.541517, -0.158684, -0.243744, -0.656805
1618587162658822298, -0.978645, -0.171616, -0.112586, 0.0112204, 1.38275, -0.0580756, -0.577002, -0.146805, -0.27186, -0.793436
1618587162758826971, -0.978347, -0.168458, -0.119177, 0.0160033, 1.37525, -0.0775037, -0.605261, -0.127609, -0.266525, -0.900089
1618587162858777761, -0.978251, -0.166896, -0.121782, 0.0184646, 1.36621, -0.0871913, -0.643886, -0.100121, -0.239062, -0.99214
1618587162958628416, -0.979323, -0.167765, -0.1112, 0.0204021, 1.35848, -0.0906681, -0.681345, -0.0651993, -0.20586, -1.00373
1618587163058466196, -0.980652, -0.170985, -0.0924314, 0.0232835, 1.34132, -0.0798464, -0.684385, -0.0999417, -0.133503, -0.903615
1618587163158257723, -0.980799, -0.177668, -0.0761016, 0.026005, 1.33745, -0.0583599, -0.662277, -0.106549, -0.0628394, -0.731266
1618587163258116245, -0.979592, -0.187204, -0.0681274, 0.0266908, 1.33963, -0.0328712, -0.64302, -0.0772794, -0.00280989, -0.542087
1618587163358133316, -0.977758, -0.196817, -0.0683261, 0.0241439, 1.33239, -0.00147243, -0.613162, -0.0751165, 0.0709664, -0.339048
1618587163458309412, -0.975969, -0.205606, -0.0695889, 0.0191842, 1.32335, 0.0216159, -0.577736, -0.0697467, 0.114764, -0.148785
1618587163558561325, -0.974374, -0.213203, -0.0695484, 0.0173993, 1.31229, 0.0392474, -0.531245, -0.058568, 0.128724, 0.0443684
1618587163658771753, -0.972308, -0.220534, -0.0732854, 0.0247327, 1.30589, 0.0466731, -0.47386, -0.0646365, 0.102309, 0.231487
1618587163759052277, -0.970406, -0.225285, -0.079854, 0.0343953, 1.30437, 0.0435678, -0.411946, -0.0549075, 0.0629929, 0.389003
1618587163859291553, -0.970042, -0.226778, -0.077051, 0.0406507, 1.30434, 0.0339837, -0.337565, -0.0359655, 0.0143721, 0.555336
1618587163959339619, -0.969687, -0.227643, -0.0772536, 0.0437854, 1.31055, 0.0128266, -0.264491, -0.00291545, -0.0582995, 0.722913
1618587164059260130, -0.969291, -0.22634, -0.0858057, 0.0433848, 1.3219, -0.0211903, -0.200259, 0.0494356, -0.13658, 0.85823
1618587164159077406, -0.969045, -0.224919, -0.0927791, 0.0419064, 1.33509, -0.0525211, -0.151943, 0.0814823, -0.19001, 0.93152
1618587164258800030, -0.968411, -0.225666, -0.096878, 0.0432424, 1.34967, -0.0971758, -0.123954, 0.10785, -0.272989, 0.937293
1618587164358621836, -0.967288, -0.226931, -0.102098, 0.0493207, 1.35829, -0.134348, -0.101945, 0.113603, -0.328272, 0.917962
1618587164458513260, -0.966925, -0.228892, -0.0984898, 0.0544513, 1.35913, -0.162541, -0.0790885, 0.106839, -0.362167, 0.908871
1618587164558493376, -0.967394, -0.231625, -0.0873357, 0.0535774, 1.36001, -0.184311, -0.068212, 0.115369, -0.379292, 0.893872
1618587164658586979, -0.968228, -0.2331, -0.0753578, 0.050199, 1.36079, -0.20057, -0.0640519, 0.114193, -0.369224, 0.876981
1618587164758782625, -0.969051, -0.231217, -0.0710106, 0.0493525, 1.36183, -0.207548, -0.0716814, 0.10616, -0.334807, 0.810819
1618587164858942509, -0.969987, -0.229187, -0.0648015, 0.0489764, 1.3611, -0.206985, -0.0839242, 0.0801946, -0.290323, 0.711414
1618587164959091425, -0.97056, -0.227474, -0.0636158, 0.0471403, 1.35301, -0.198393, -0.110939, 0.0431641, -0.234712, 0.544939
1618587165059192181, -0.971452, -0.225819, -0.0599552, 0.0411245, 1.34537, -0.184082, -0.144091, 0.0185433, -0.166637, 0.351328
1618587165159186840, -0.972369, -0.224137, -0.0566746, 0.0323997, 1.33852, -0.169842, -0.207114, -0.021933, -0.101927, 0.0942656
1618587165259077311, -0.973255, -0.221705, -0.0548755, 0.0247227, 1.3293, -0.154544, -0.286282, -0.0583414, -0.0393289, -0.203718
1618587165358918667, -0.973012, -0.21977, -0.0657504, 0.0250232, 1.32079, -0.140218, -0.370421, -0.0784509, 0.00335298, -0.490385
1618587165458784819, -0.973064, -0.217956, -0.0704072, 0.0261579, 1.31439, -0.128795, -0.454822, -0.0760027, 0.0311708, -0.71373
1618587165558740139, -0.973302, -0.215262, -0.0741024, 0.0292407, 1.3099, -0.11762, -0.521964, -0.057743, 0.053381, -0.852679
1618587165658745289, -0.973194, -0.212236, -0.0808167, 0.0362891, 1.30725, -0.107664, -0.584965, -0.0539904, 0.0709857, -0.973388
1618587165758767128, -0.973922, -0.207118, -0.0827754, 0.0415387, 1.3048, -0.100727, -0.638394, -0.0774849, 0.0883325, -1.07733
1618587165858787060, -0.974625, -0.202979, -0.0827581, 0.0453484, 1.30116, -0.0891576, -0.679896, -0.0934118, 0.125294, -1.16064
1618587165958848000, -0.974589, -0.201242, -0.0856992, 0.0483152, 1.29788, -0.0698378, -0.719837, -0.111789, 0.178447, -1.2262
1618587166058859110, -0.973957, -0.204033, -0.0856439, 0.0494225, 1.29593, -0.0500082, -0.742463, -0.107368, 0.218128, -1.22207
1618587166158816814, -0.97326, -0.209647, -0.0794388, 0.0500238, 1.30459, -0.0272286, -0.736112, -0.0561084, 0.249982, -1.09632
1618587166258772373, -0.972673, -0.215324, -0.070769, 0.050334, 1.32004, -0.00442473, -0.693663, 0.00589578, 0.284915, -0.871617
1618587166358779669, -0.972554, -0.220116, -0.0585214, 0.0475707, 1.33038, 0.0128061, -0.634313, 0.0455316, 0.286738, -0.596115
1618587166458721876, -0.972119, -0.225632, -0.0459844, 0.044275, 1.33728, 0.0283135, -0.572613, 0.0692501, 0.278882, -0.331976
1618587166558595896, -0.97126, -0.230227, -0.0405071, 0.0448068, 1.35101, 0.0294711, -0.529631, 0.0732293, 0.236105, -0.134364
1618587166658540010, -0.97048, -0.23399, -0.0369495, 0.0453048, 1.35856, 0.0321234, -0.476455, 0.0815019, 0.177228, 0.0915441
1618587166758600235, -0.969518, -0.236917, -0.0429699, 0.0453687, 1.36668, 0.0312375, -0.416829, 0.100178, 0.108056, 0.310268
1618587166858731270, -0.968569, -0.24001, -0.0507085, 0.0412054, 1.36791, 0.0338242, -0.357133, 0.100809, 0.0648826, 0.507795
1618587166958957672, -0.967617, -0.243764, -0.0539314, 0.0372418, 1.37158, 0.0266343, -0.309022, 0.100442, 0.00758088, 0.64869
1618587167059206486, -0.966357, -0.24586, -0.0624081, 0.0425792, 1.37489, -0.00171779, -0.260133, 0.0944127, -0.094434, 0.737201
1618587167159284115, -0.964668, -0.246649, -0.0784599, 0.0492302, 1.37627, -0.0264763, -0.223324, 0.0931181, -0.16377, 0.761274
1618587167259209394, -0.96411, -0.247114, -0.0828058, 0.050699, 1.37197, -0.0550598, -0.186968, 0.0616381, -0.214213, 0.800643
1618587167359095097, -0.964522, -0.246355, -0.0809276, 0.0495804, 1.37121, -0.0940756, -0.157216, 0.0536698, -0.275437, 0.829038
1618587167458937407, -0.965215, -0.244813, -0.0768029, 0.0502828, 1.37282, -0.122592, -0.136789, 0.0571527, -0.313121, 0.836612
1618587167558703899, -0.965888, -0.244302, -0.0691628, 0.0509199, 1.36931, -0.14327, -0.119444, 0.046685, -0.328619, 0.849679
1618587167658490658, -0.966287, -0.244083, -0.0637656, 0.0514463, 1.36579, -0.159773, -0.10645, 0.036602, -0.32904, 0.853508
1618587167758364439, -0.966669, -0.243976, -0.0594023, 0.0499725, 1.35955, -0.159985, -0.106374, 0.0187, -0.283237, 0.84456
1618587167858367920, -0.967787, -0.243955, -0.0426483, 0.0453408, 1.35437, -0.149161, -0.125723, 0.013033, -0.214801, 0.795335
1618587167958399296, -0.968557, -0.243502, -0.0283329, 0.0424304, 1.35034, -0.13566, -0.147521, 0.00641492, -0.155564, 0.684785
1618587168058382511, -0.969027, -0.242966, -0.0185697, 0.0401228, 1.34575, -0.104825, -0.184158, 0.00329734, -0.0726158, 0.507308
1618587168158362865, -0.969811, -0.241059, -0.00775077, 0.0360279, 1.34251, -0.0816708, -0.213352, -0.046069, -0.0230088, 0.333036
1618587168258474350, -0.970389, -0.238279, -0.0180394, 0.0352524, 1.33385, -0.0880737, -0.26018, -0.117921, -0.042681, 0.112641
1618587168358729362, -0.970034, -0.23586, -0.0444813, 0.0377524, 1.32256, -0.099886, -0.315336, -0.149737, -0.0706361, -0.13512
1618587168459005117, -0.968453, -0.233724, -0.0756071, 0.0418926, 1.31344, -0.110478, -0.373577, -0.141643, -0.0816031, -0.365279
1618587168559320688, -0.9669, -0.230692, -0.0978407, 0.0481021, 1.31053, -0.117755, -0.424679, -0.0862455, -0.0913832, -0.532435
1618587168659498215, -0.96571, -0.226732, -0.113153, 0.0565029, 1.31311, -0.12627, -0.46726, -0.0453312, -0.0944451, -0.635347
1618587168759454966, -0.963901, -0.223855, -0.127905, 0.0665099, 1.29507, -0.145381, -0.51371, -0.0841325, -0.101333, -0.730585
1618587168859218359, -0.961401, -0.220941, -0.144582, 0.0773835, 1.26975, -0.156961, -0.557993, -0.125286, -0.07288, -0.843673
1618587168958904982, -0.961091, -0.219025, -0.147252, 0.0815442, 1.25179, -0.162665, -0.591804, -0.13732, -0.0329451, -0.958709
1618587169058673382, -0.961963, -0.216528, -0.146375, 0.0794771, 1.21788, -0.167767, -0.614685, -0.167372, 0.00929366, -1.05798
1618587169158411980, -0.96322, -0.215784, -0.141738, 0.0745365, 1.20318, -0.162114, -0.646057, -0.137044, 0.0591533, -1.12724
1618587169258157969, -0.96448, -0.219189, -0.128753, 0.0718185, 1.19641, -0.134693, -0.694852, -0.102956, 0.136538, -1.15744
1618587169358043432, -0.964713, -0.224901, -0.116244, 0.0723543, 1.19251, -0.0980427, -0.706703, -0.0823943, 0.209695, -1.06705
1618587169458134413, -0.964687, -0.22948, -0.106657, 0.0730915, 1.18888, -0.0708234, -0.680739, -0.0690589, 0.253673, -0.853139
1618587169558336973, -0.965703, -0.230971, -0.0938405, 0.0725573, 1.19711, -0.0620726, -0.632202, -0.0474729, 0.242865, -0.59023
1618587169658578396, -0.966024, -0.232279, -0.0860758, 0.0737288, 1.20115, -0.0572548, -0.580597, -0.0479351, 0.201863, -0.346548
1618587169758770943, -0.964612, -0.235851, -0.0903586, 0.0757179, 1.19067, -0.066003, -0.519911, -0.0700149, 0.118836, -0.0901613
1618587169858886957, -0.962477, -0.241346, -0.0969447, 0.0774039, 1.17986, -0.0816783, -0.457701, -0.0664959, 0.0360487, 0.177317
1618587169959027529, -0.961037, -0.24583, -0.0981064, 0.0796932, 1.18025, -0.10294, -0.389663, -0.0496291, -0.0449666, 0.421332
1618587170059128284, -0.960552, -0.248426, -0.0931768, 0.0833188, 1.23035, -0.143738, -0.305454, 0.0734701, -0.164035, 0.663962
1618587170159129143, -0.960287, -0.252089, -0.0839287, 0.085182, 1.27574, -0.174583, -0.225297, 0.174583, -0.254248, 0.899224
1618587170259114265, -0.96042, -0.256178, -0.0701101, 0.0839682, 1.31855, -0.184809, -0.149197, 0.262003, -0.262681, 1.11498
1618587170359126329, -0.960609, -0.259618, -0.0584959, 0.0800494, 1.35101, -0.193872, -0.0877188, 0.32293, -0.250834, 1.23126
1618587170459101439, -0.960469, -0.262253, -0.0552569, 0.0752923, 1.37507, -0.197013, -0.0495744, 0.349511, -0.222209, 1.19699
1618587170559090853, -0.960028, -0.265516, -0.0527049, 0.071204, 1.38677, -0.187661, -0.0407851, 0.326495, -0.172162, 1.07768
1618587170659089565, -0.958978, -0.269566, -0.0504356, 0.0717757, 1.38646, -0.172422, -0.0473013, 0.292351, -0.12585, 0.997888
1618587170759071827, -0.958118, -0.273422, -0.0438469, 0.0729857, 1.37158, -0.14049, -0.060765, 0.2592, -0.0440838, 0.913593
1618587170859017611, -0.95792, -0.277783, -0.0316238, 0.0650047, 1.35059, -0.0886259, -0.0870286, 0.177859, 0.0615022, 0.756459
1618587170958909512, -0.957819, -0.281946, -0.0220283, 0.0510344, 1.32851, -0.0484129, -0.118378, 0.0692404, 0.13357, 0.506741
1618587171058882236, -0.957609, -0.283108, -0.0282453, 0.0451425, 1.31817, -0.0365726, -0.193534, -0.0190944, 0.149906, 0.0955104
1618587171158760786, -0.95674, -0.284355, -0.0392766, 0.0474092, 1.31768, -0.0305759, -0.275916, -0.0500652, 0.150604, -0.276211
1618587171258548021, -0.955596, -0.284915, -0.0526512, 0.0537364, 1.31581, -0.0361673, -0.345188, -0.0581432, 0.143057, -0.530932
1618587171358370066, -0.95529, -0.282876, -0.0611916, 0.0604755, 1.3182, -0.0412748, -0.405411, -0.0332605, 0.138437, -0.698295
1618587171458275795, -0.956237, -0.279448, -0.0599156, 0.062692, 1.3087, -0.0609024, -0.422687, -0.0389178, 0.0989614, -0.696993
1618587171558342457, -0.958834, -0.273006, -0.0511742, 0.0590391, 1.30537, -0.082983, -0.420537, -0.0647915, 0.104722, -0.599759
1618587171658494473, -0.962582, -0.262919, -0.0381482, 0.0534255, 1.31021, -0.100969, -0.419467, -0.0767238, 0.125977, -0.49005
1618587171758495569, -0.965183, -0.255418, -0.0281794, 0.0488736, 1.31845, -0.107676, -0.425521, -0.105999, 0.129925, -0.403076
1618587171858279705, -0.965647, -0.252757, -0.0353846, 0.0488555, 1.33527, -0.0997089, -0.442323, -0.128048, 0.14832, -0.369439
1618587171958005905, -0.963956, -0.254512, -0.0548612, 0.0548034, 1.37238, -0.0902544, -0.454788, -0.0458037, 0.150106, -0.350717
1618587172057811737, -0.961585, -0.257537, -0.0719075, 0.0621101, 1.409, -0.0850865, -0.453093, 0.058968, 0.111682, -0.322729
1618587172157772541, -0.959522, -0.258025, -0.0877162, 0.071034, 1.44825, -0.0902366, -0.450596, 0.174869, 0.0709497, -0.29662
1618587172257891893, -0.959349, -0.254534, -0.093416, 0.0783231, 1.49571, -0.103891, -0.44062, 0.272436, 0.0236319, -0.240412
1618587172357993841, -0.960033, -0.24931, -0.0959556, 0.0835024, 1.54704, -0.116132, -0.425511, 0.349809, -0.0632719, -0.192441
1618587172457897425, -0.959509, -0.246088, -0.106578, 0.0861631, 1.60325, -0.116339, -0.410691, 0.438477, -0.150336, -0.148621
1618587172557639837, -0.956973, -0.247146, -0.125519, 0.0858314, 1.65171, -0.11127, -0.402377, 0.51841, -0.219259, -0.0956782
1618587172657334089, -0.954221, -0.255471, -0.132193, 0.0819897, 1.69162, -0.0962197, -0.411422, 0.591475, -0.26015, -0.0816102
1618587172757292986, -0.950996, -0.266051, -0.133335, 0.0839409, 1.7238, -0.0852213, -0.425647, 0.631021, -0.285905, -0.0728306
1618587172857556820, -0.949918, -0.27104, -0.127377, 0.0892664, 1.74479, -0.0853791, -0.422568, 0.634628, -0.327842, -0.0203809
1618587172958028078, -0.950403, -0.270481, -0.12037, 0.0953129, 1.75793, -0.10096, -0.406974, 0.589331, -0.404475, 0.0335749
1618587173058527470, -0.951638, -0.265998, -0.116138, 0.100704, 1.7628, -0.120951, -0.385533, 0.509038, -0.492847, 0.0910993
1618587173158871889, -0.954183, -0.255265, -0.11758, 0.102714, 1.73497, -0.155492, -0.368435, 0.340652, -0.584326, 0.12747
1618587173259076118, -0.957712, -0.241193, -0.121286, 0.0995143, 1.69704, -0.188742, -0.35365, 0.175139, -0.615291, 0.172782
1618587173359030247, -0.96141, -0.228595, -0.121804, 0.0927325, 1.65585, -0.214122, -0.345385, 0.0219138, -0.601702, 0.201108
1618587173458803654, -0.964697, -0.216924, -0.121573, 0.0867443, 1.59295, -0.223344, -0.351479, -0.164731, -0.518479, 0.184707
1618587173558482647, -0.967046, -0.210925, -0.117567, 0.0806919, 1.5256, -0.217139, -0.365382, -0.321557, -0.379535, 0.15589
1618587173658150434, -0.968389, -0.209549, -0.113865, 0.0731224, 1.45236, -0.196788, -0.383783, -0.47565, -0.212883, 0.0931969
1618587173758002281, -0.969486, -0.208694, -0.110669, 0.0655476, 1.38477, -0.173043, -0.405917, -0.587075, -0.0601476, -0.00191463
1618587173857985258, -0.971385, -0.207242, -0.100623, 0.0577718, 1.31926, -0.14058, -0.425975, -0.664945, 0.0881478, -0.0739402
1618587173957947731, -0.972378, -0.206645, -0.0950474, 0.0523981, 1.26586, -0.103563, -0.448955, -0.710137, 0.215808, -0.119359
1618587174057842255, -0.972107, -0.209588, -0.0916542, 0.051777, 1.21691, -0.0577763, -0.457584, -0.754744, 0.346031, -0.111906
1618587174157781839, -0.972439, -0.212077, -0.0843559, 0.0476468, 1.1739, -0.015837, -0.458707, -0.808513, 0.47085, -0.0682781
1618587174257874489, -0.973806, -0.209129, -0.0787469, 0.0420219, 1.14029, 0.0196206, -0.455366, -0.815143, 0.564926, -0.0683918
1618587174357992649, -0.975327, -0.204435, -0.0738465, 0.0386019, 1.12228, 0.0485903, -0.453461, -0.772319, 0.650754, -0.0596201
1618587174458097219, -0.976531, -0.199656, -0.0687888, 0.0423332, 1.12114, 0.0716986, -0.457536, -0.666201, 0.694302, -0.0432804
1618587174558093309, -0.976461, -0.197564, -0.0706585, 0.0499902, 1.12795, 0.0929847, -0.450949, -0.567356, 0.701314, 0.0185581
1618587174658008337, -0.975334, -0.198553, -0.0791276, 0.0551324, 1.1376, 0.11075, -0.435946, -0.493624, 0.697492, 0.100928
1618587174757972956, -0.974485, -0.197738, -0.0888584, 0.0581577, 1.15985, 0.116696, -0.421799, -0.405851, 0.685738, 0.157361
1618587174858093500, -0.974312, -0.192936, -0.0974016, 0.0632905, 1.18673, 0.118633, -0.412378, -0.314749, 0.618878, 0.163697
1618587174958246708, -0.975072, -0.187811, -0.0969085, 0.0676106, 1.22812, 0.118403, -0.404483, -0.188474, 0.506235, 0.140243
1618587175058389425, -0.976239, -0.183537, -0.0906159, 0.0711425, 1.28939, 0.117619, -0.39288, -0.019738, 0.388566, 0.12202
1618587175158385992, -0.976377, -0.183565, -0.0853172, 0.075582, 1.34255, 0.108172, -0.387526, 0.0995776, 0.242098, 0.0807528
1618587175258287668, -0.975847, -0.185527, -0.083616, 0.0794422, 1.40653, 0.098943, -0.37794, 0.256958, 0.107293, 0.0379336
1618587175358305216, -0.97615, -0.186946, -0.0772392, 0.0788386, 1.46991, 0.0816809, -0.365443, 0.397136, -0.0214616, 5.03305e-05
1618587175458306789, -0.976262, -0.187573, -0.0765318, 0.0766244, 1.52156, 0.0659452, -0.360877, 0.510275, -0.118013, -0.0216471
1618587175558104277, -0.974887, -0.193426, -0.0803381, 0.0756822, 1.58982, 0.0651693, -0.36118, 0.656309, -0.188413, -0.00196139
1618587175657876730, -0.971831, -0.198561, -0.0971072, 0.081777, 1.6686, 0.0539321, -0.369075, 0.780681, -0.274228, 0.00513918
1618587175757764101, -0.96973, -0.198268, -0.111211, 0.0891378, 1.73186, 0.0457266, -0.366794, 0.843434, -0.334551, 0.0237614
1618587175857698917, -0.969326, -0.197026, -0.116398, 0.0896615, 1.7813, 0.0438512, -0.361705, 0.857881, -0.397509, 0.0169668
1618587175957615852, -0.969506, -0.196641, -0.11955, 0.0842463, 1.81552, 0.0489465, -0.362522, 0.84454, -0.473853, -0.00607077
1618587176057627916, -0.968058, -0.202664, -0.123125, 0.0814323, 1.8615, 0.062863, -0.364355, 0.877452, -0.495382, -0.00337707
1618587176157841444, -0.968758, -0.204654, -0.115141, 0.0797996, 1.9016, 0.0702004, -0.355073, 0.859347, -0.502201, 0.0478876
1618587176258079529, -0.970003, -0.20159, -0.109081, 0.0809727, 1.93571, 0.0727722, -0.342859, 0.789013, -0.534029, 0.090541
1618587176358306408, -0.971011, -0.195422, -0.108503, 0.0847111, 1.96061, 0.0699549, -0.333684, 0.697295, -0.556592, 0.110256
1618587176458436251, -0.971795, -0.187776, -0.11068, 0.0900202, 1.971, 0.0643597, -0.324489, 0.588313, -0.547091, 0.131177
1618587176558391094, -0.971936, -0.181528, -0.114525, 0.0962863, 1.9635, 0.0767045, -0.329468, 0.454166, -0.476165, 0.114255
1618587176658182144, -0.971991, -0.177459, -0.118783, 0.0981461, 1.92871, 0.0938858, -0.329222, 0.279247, -0.383579, 0.0855699
1618587176757966995, -0.973558, -0.174162, -0.115584, 0.0921529, 1.87514, 0.112058, -0.334596, 0.0548563, -0.276923, 0.0160521
1618587176857799768, -0.975266, -0.172669, -0.108296, 0.0855256, 1.81036, 0.123898, -0.349261, -0.130273, -0.164675, -0.0698496
1618587176957677364, -0.976326, -0.171495, -0.104169, 0.0807773, 1.74555, 0.132692, -0.368071, -0.264869, -0.0661963, -0.141261
1618587177057663441, -0.977114, -0.169411, -0.103961, 0.07576, 1.68644, 0.144283, -0.384819, -0.388302, 0.0341612, -0.166096
1618587177157701015, -0.976916, -0.171064, -0.103818, 0.0747969, 1.58575, 0.148805, -0.39524, -0.60356, 0.0979575, -0.140436
1618587177257646799, -0.975526, -0.177632, -0.106301, 0.0741396, 1.45909, 0.133461, -0.415706, -0.845177, 0.110823, -0.121768
1618587177357555389, -0.975321, -0.182954, -0.103649, 0.0673356, 1.35454, 0.118955, -0.424999, -1.00774, 0.159615, -0.0937577
1618587177457711697, -0.976626, -0.180173, -0.0997419, 0.0615753, 1.26009, 0.0984727, -0.426874, -1.14323, 0.278899, -0.0944555
1618587177557964325, -0.97867, -0.172999, -0.0907355, 0.0635932, 1.19128, 0.0873918, -0.426035, -1.16573, 0.362985, -0.0956899
1618587177658181667, -0.980678, -0.161963, -0.0870979, 0.0667237, 1.15705, 0.087604, -0.422162, -1.11562, 0.415726, -0.0804279
1618587177758097410, -0.981677, -0.153763, -0.0881608, 0.0699569, 1.14684, 0.0908063, -0.413622, -1.01807, 0.469462, -0.0235836
1618587177857830048, -0.982241, -0.145645, -0.0922084, 0.074085, 1.16002, 0.0990072, -0.401205, -0.860367, 0.503417, 0.0785179
1618587177957501650, -0.983011, -0.137401, -0.0958333, 0.075011, 1.1888, 0.109457, -0.384176, -0.698287, 0.499879, 0.208859
1618587178057170153, -0.983853, -0.129892, -0.100275, 0.0714601, 1.24365, 0.125544, -0.374457, -0.517403, 0.464436, 0.272727
1618587178156854868, -0.983844, -0.125854, -0.107533, 0.0681767, 1.31207, 0.135838, -0.376428, -0.288294, 0.364066, 0.215296
1618587178256539583, -0.983157, -0.125299, -0.112906, 0.0703909, 1.4145, 0.142445, -0.387025, -0.0144875, 0.266764, 0.0771884
1618587178356395721, -0.981241, -0.127084, -0.122049, 0.0782272, 1.51803, 0.136725, -0.394828, 0.25086, 0.147334, -0.0188593
1618587178456635237, -0.979459, -0.128538, -0.130244, 0.0847003, 1.60494, 0.127356, -0.407498, 0.451688, 0.0246458, -0.111615
1618587178557069778, -0.979542, -0.130407, -0.126784, 0.0861289, 1.69671, 0.122542, -0.418005, 0.638388, -0.0576296, -0.177683
1618587178657546520, -0.980542, -0.133029, -0.116317, 0.0855092, 1.78492, 0.119271, -0.411301, 0.794433, -0.104374, -0.175924
1618587178757943630, -0.981956, -0.134026, -0.10462, 0.0827892, 1.86518, 0.104178, -0.397055, 0.886903, -0.191077, -0.13106
1618587178858222246, -0.982906, -0.13151, -0.0991181, 0.0823176, 1.92986, 0.085656, -0.381289, 0.915159, -0.30237, -0.0890605
1618587178958304405, -0.983106, -0.130023, -0.0978827, 0.0837598, 1.99443, 0.0633089, -0.364386, 0.926042, -0.418908, -0.0247602
1618587179058199644, -0.981994, -0.129851, -0.108375, 0.0841539, 2.05512, 0.0419462, -0.360897, 0.900355, -0.484865, 0.000945666
1618587179158070326, -0.981122, -0.12844, -0.122804, 0.0762995, 2.10041, 0.029113, -0.361855, 0.871259, -0.577086, 0.0145077
1618587179257848263, -0.979675, -0.129815, -0.135213, 0.0714356, 2.13117, 0.0229137, -0.371106, 0.841694, -0.685408, -0.0295561
1618587179357583523, -0.978425, -0.134061, -0.138454, 0.0744463, 2.14441, 0.0216556, -0.38092, 0.797304, -0.745149, -0.0406395
1618587179457474709, -0.97761, -0.138552, -0.134841, 0.0830708, 2.13783, 0.0196261, -0.382969, 0.661804, -0.810818, -0.0160911
1618587179557471037, -0.976836, -0.141388, -0.130009, 0.0943303, 2.11352, 0.0183846, -0.378411, 0.468527, -0.825469, 0.0301
1618587179657524586, -0.975806, -0.143164, -0.127533, 0.105079, 2.07066, 0.0196372, -0.364415, 0.254358, -0.746956, 0.0790874
1618587179757748127, -0.975774, -0.14182, -0.123276, 0.112049, 2.01154, 0.0250933, -0.347212, 0.0253125, -0.597149, 0.143142
1618587179858015776, -0.976555, -0.140574, -0.116964, 0.113576, 1.95364, 0.0526859, -0.333697, -0.174311, -0.411973, 0.179457
1618587179958181381, -0.978073, -0.139578, -0.11019, 0.108394, 1.89363, 0.0806174, -0.325951, -0.322188, -0.236248, 0.169846
1618587180058331251, -0.980512, -0.136267, -0.100931, 0.0991939, 1.82148, 0.109521, -0.33012, -0.440127, -0.0702994, 0.107677
1618587180158350945, -0.98244, -0.13396, -0.0929752, 0.0906699, 1.74913, 0.137842, -0.343155, -0.535282, 0.0655956, 0.0364818
1618587180258229017, -0.98387, -0.131667, -0.0871829, 0.0840356, 1.68437, 0.163913, -0.359377, -0.644588, 0.2029, -0.00959891
1618587180358054876, -0.984025, -0.130772, -0.0895863, 0.0810371, 1.61087, 0.183785, -0.378445, -0.771906, 0.328529, -0.0429171
1618587180457936525, -0.983285, -0.133943, -0.0919342, 0.0822102, 1.50823, 0.184696, -0.385836, -0.939935, 0.436364, -0.0342183
1618587180557952881, -0.983504, -0.131775, -0.0932083, 0.0816491, 1.42661, 0.192527, -0.395664, -1.04618, 0.595785, -0.0220894
1618587180657884121, -0.98439, -0.127748, -0.0900442, 0.0809294, 1.36162, 0.202361, -0.400824, -1.06235, 0.711857, -0.0255588
1618587180757645369, -0.985168, -0.122283, -0.0872729, 0.0829156, 1.32529, 0.219448, -0.397655, -0.994373, 0.739312, -0.0100179
1618587180857292175, -0.985757, -0.118507, -0.0849806, 0.0837669, 1.31091, 0.235147, -0.392129, -0.897717, 0.749582, 0.0241834
1618587180957067966, -0.9864, -0.113148, -0.0845622, 0.0840322, 1.32368, 0.250781, -0.382933, -0.74812, 0.720879, 0.0670685
1618587181056972265, -0.986558, -0.108176, -0.0886691, 0.0844919, 1.35913, 0.27207, -0.372278, -0.581376, 0.675303, 0.0848093
1618587181157002449, -0.986239, -0.105958, -0.0933541, 0.0859687, 1.39113, 0.286521, -0.368254, -0.43027, 0.601822, 0.105193
1618587181257074833, -0.985758, -0.107527, -0.0948903, 0.0878294, 1.4256, 0.300357, -0.368461, -0.273015, 0.453854, 0.0853709
1618587181357133389, -0.985599, -0.112043, -0.0917205, 0.0873372, 1.46372, 0.291265, -0.367526, -0.11374, 0.214796, 0.042884
1618587181457226515, -0.985374, -0.117345, -0.0894221, 0.0852704, 1.49292, 0.271, -0.369612, 0.00708933, -0.00894849, -0.0118471
1618587181557322979, -0.984981, -0.121752, -0.0891326, 0.0839349, 1.51983, 0.245936, -0.375408, 0.106378, -0.157613, -0.0550581
1618587181657474995, -0.984472, -0.124515, -0.0903288, 0.0845621, 1.54368, 0.219616, -0.38114, 0.199379, -0.256772, -0.0732794
1618587181757685661, -0.983799, -0.1257, -0.0940014, 0.0866169, 1.57023, 0.200095, -0.381527, 0.292944, -0.286553, -0.0703227
1618587181857825279, -0.982574, -0.128816, -0.0992585, 0.090009, 1.603, 0.194238, -0.377076, 0.401165, -0.275058, -0.0376996
1618587181957862854, -0.981908, -0.132552, -0.100048, 0.0909737, 1.61952, 0.144354, -0.3603, 0.459374, -0.390032, -0.00455809
1618587182057781935, -0.982078, -0.139227, -0.0932349, 0.0862942, 1.62449, 0.120905, -0.35219, 0.497979, -0.416742, 0.00567189
1618587182157848358, -0.982878, -0.141907, -0.0895515, 0.0761137, 1.62607, 0.111135, -0.349529, 0.485888, -0.392732, -0.0243963
1618587182257960081, -0.98413, -0.13712, -0.0909612, 0.0664291, 1.61561, 0.104684, -0.362087, 0.410643, -0.384588, -0.0776032
1618587182358118296, -0.984361, -0.133438, -0.0950551, 0.0647409, 1.6219, 0.174826, -0.384718, 0.348577, -0.23461, -0.126957
1618587182458365917, -0.983447, -0.124382, -0.112926, 0.0678904, 1.62793, 0.255376, -0.393638, 0.245886, -0.0380783, -0.123412
1618587182558496714, -0.981889, -0.114938, -0.132004, 0.0725143, 1.63488, 0.312694, -0.39285, 0.150565, 0.0998239, -0.071168
1618587182658457518, -0.981226, -0.10519, -0.144394, 0.0726723, 1.63665, 0.367489, -0.391225, 0.0638416, 0.211468, -0.0230378
1618587182758169174, -0.982316, -0.0986518, -0.142117, 0.0715973, 1.63429, 0.414011, -0.39093, -0.0238824, 0.291665, 0.0149177
1618587182857796192, -0.98336, -0.0940024, -0.137153, 0.0731795, 1.62879, 0.458167, -0.382482, -0.111975, 0.337137, 0.0312217
1618587182957411528, -0.984153, -0.091667, -0.1317, 0.0754631, 1.61856, 0.501085, -0.370426, -0.226365, 0.366622, 0.0421161
1618587183057186604, -0.985407, -0.0918469, -0.122317, 0.0746649, 1.60256, 0.536493, -0.361289, -0.331117, 0.365637, 0.0601788
1618587183157172918, -0.985962, -0.0917711, -0.11918, 0.072479, 1.58425, 0.55926, -0.355701, -0.426298, 0.32539, 0.0642485
1618587183257213354, -0.985344, -0.093945, -0.121516, 0.0742043, 1.56443, 0.563437, -0.36144, -0.520517, 0.255805, 0.0324012
1618587183357303381, -0.984182, -0.0978961, -0.125266, 0.0781697, 1.54304, 0.557575, -0.368619, -0.583705, 0.169318, -0.00702093
1618587183457454443, -0.983775, -0.101073, -0.124202, 0.080899, 1.52804, 0.521973, -0.372279, -0.532601, 0.0622554, -0.0321051
1618587183557667017, -0.984491, -0.102961, -0.115337, 0.0829106, 1.51897, 0.468364, -0.360206, -0.444221, -0.0661859, -0.0227948
1618587183657820463, -0.985582, -0.103064, -0.104031, 0.0847525, 1.52031, 0.401711, -0.343544, -0.32386, -0.192354, -0.00477346
1618587183757916927, -0.986419, -0.103528, -0.0945348, 0.0855723, 1.53056, 0.33156, -0.325866, -0.171995, -0.303866, 0.028519
1618587183858071566, -0.98721, -0.103734, -0.08505, 0.0861486, 1.54304, 0.253912, -0.314021, -0.0221056, -0.423235, 0.0688109
1618587183958211660, -0.987899, -0.102078, -0.0767751, 0.0879891, 1.56363, 0.184726, -0.295765, 0.138842, -0.516436, 0.120393
1618587184058277130, -0.988801, -0.0982464, -0.0701455, 0.0877447, 1.58996, 0.0980669, -0.282326, 0.25164, -0.633589, 0.135312
1618587184158205032, -0.989301, -0.0950978, -0.06922, 0.0863039, 1.61315, 0.0272242, -0.271757, 0.347734, -0.701073, 0.121359
1618587184258011818, -0.989567, -0.0965921, -0.0669161, 0.0833612, 1.63209, -0.0252023, -0.267066, 0.394471, -0.70887, 0.0778706
1618587184357824326, -0.989369, -0.0996215, -0.0688311, 0.0805356, 1.64393, -0.0625276, -0.269752, 0.396011, -0.663599, 0.015175
1618587184457755327, -0.989482, -0.101168, -0.0672761, 0.0785074, 1.65595, -0.0935515, -0.27315, 0.444072, -0.606768, 0.00191793
1618587184557686329, -0.9895, -0.102569, -0.063866, 0.079312, 1.66672, -0.114144, -0.274246, 0.475825, -0.540825, 0.00975427
1618587184657610655, -0.989202, -0.103372, -0.064633, 0.0813412, 1.67755, -0.133519, -0.270404, 0.493141, -0.480423, 0.0291127
1618587184757597685, -0.988961, -0.104677, -0.0648051, 0.082456, 1.68425, -0.143714, -0.266437, 0.47202, -0.407243, 0.0357331
1618587184857635260, -0.988559, -0.105987, -0.0669561, 0.0838788, 1.68677, -0.147095, -0.263326, 0.447929, -0.326492, 0.0420138
1618587184957605362, -0.987999, -0.10685, -0.0711533, 0.085896, 1.68897, -0.147141, -0.262402, 0.449281, -0.25509, 0.0514944
1618587185057475567, -0.987574, -0.108212, -0.0725231, 0.0879085, 1.69573, -0.148522, -0.262357, 0.446703, -0.198882, 0.0586083
1618587185157327890, -0.986843, -0.109504, -0.0759426, 0.0915571, 1.71113, -0.149123, -0.262213, 0.462035, -0.148636, 0.0636417
1618587185257284641, -0.985669, -0.111355, -0.0826031, 0.09609, 1.72654, -0.137202, -0.259179, 0.465573, -0.0829931, 0.0636535
1618587185357357502, -0.984488, -0.115249, -0.0901287, 0.0968404, 1.74446, -0.0997387, -0.257632, 0.469539, 0.0263827, 0.0536394
1618587185457479715, -0.98384, -0.120616, -0.0944873, 0.0926484, 1.7568, -0.0498958, -0.265469, 0.455247, 0.143219, 0.0218516
1618587185557690144, -0.983508, -0.125344, -0.097343, 0.0867536, 1.76382, 0.00785226, -0.280446, 0.412181, 0.268485, -0.0334223
1618587185657912016, -0.983228, -0.128727, -0.0992862, 0.0826678, 1.76334, 0.0824604, -0.296439, 0.325362, 0.405793, -0.0868752
1618587185758108377, -0.983057, -0.132265, -0.0981835, 0.0804074, 1.74699, 0.166233, -0.311925, 0.177721, 0.528435, -0.140864
1618587185858225822, -0.98279, -0.135413, -0.0983693, 0.078166, 1.7142, 0.267686, -0.323599, 0.00872578, 0.650556, -0.164072
1618587185958211899, -0.982242, -0.139545, -0.101438, 0.0737494, 1.68828, 0.374684, -0.334203, -0.138979, 0.766685, -0.15926
1618587186058034420, -0.981603, -0.144645, -0.103309, 0.0697173, 1.65746, 0.457082, -0.343861, -0.256256, 0.835711, -0.124821
1618587186157900572, -0.981009, -0.147568, -0.104362, 0.0703847, 1.6307, 0.53112, -0.349092, -0.378013, 0.854392, -0.108174
1618587186258048773, -0.981572, -0.146566, -0.0994471, 0.0717285, 1.60277, 0.578012, -0.351627, -0.555046, 0.82143, -0.124409
1618587186358267069, -0.981875, -0.141412, -0.0999276, 0.0770652, 1.54802, 0.624392, -0.345885, -0.735529, 0.803662, -0.124024
1618587186458472967, -0.983207, -0.136601, -0.0884274, 0.0826095, 1.50037, 0.64997, -0.349239, -0.840165, 0.728289, -0.119772
1618587186558364391, -0.982915, -0.135428, -0.0884254, 0.0878543, 1.45998, 0.660149, -0.346286, -0.920721, 0.600473, -0.10604
1618587186658009052, -0.982991, -0.136937, -0.0824429, 0.0904406, 1.42135, 0.673124, -0.340345, -0.992559, 0.492824, -0.103568
1618587186757630348, -0.982833, -0.141468, -0.0723745, 0.0937419, 1.38473, 0.669301, -0.334761, -1.05749, 0.367171, -0.0790666
1618587186857376814, -0.981855, -0.147796, -0.0670819, 0.0980638, 1.35642, 0.642552, -0.325705, -1.03488, 0.205456, -0.0374653
1618587186957201481, -0.980186, -0.1528, -0.0746006, 0.101603, 1.33802, 0.610715, -0.318585, -0.916929, 0.060585, -0.00375447
1618587187057156563, -0.979839, -0.159002, -0.0668794, 0.100801, 1.32645, 0.562361, -0.309355, -0.799435, -0.0678553, 0.00691227
1618587187157140970, -0.979264, -0.165798, -0.0630048, 0.0978934, 1.31836, 0.490289, -0.304976, -0.657931, -0.202162, -0.00946271
1618587187257173061, -0.979155, -0.173003, -0.0545129, 0.091395, 1.32356, 0.418882, -0.306175, -0.427724, -0.312028, -0.0354676
1618587187357236624, -0.97863, -0.178367, -0.0508205, 0.0888029, 1.34435, 0.35, -0.311133, -0.188589, -0.400773, -0.0480714
1618587187457253218, -0.977261, -0.183735, -0.0529978, 0.0916178, 1.38533, 0.2871, -0.31493, 0.0626326, -0.481935, -0.0588687
1618587187557386398, -0.97619, -0.187314, -0.0531145, 0.0956339, 1.45918, 0.223413, -0.330239, 0.330512, -0.575389, -0.0803532
1618587187657608747, -0.975205, -0.188522, -0.0625722, 0.0975664, 1.54399, 0.147122, -0.342986, 0.584185, -0.673304, -0.0752561
1618587187757874012, -0.973921, -0.186598, -0.0812142, 0.100312, 1.62891, 0.0616409, -0.33588, 0.78351, -0.754397, -0.03053
1618587187858031511, -0.973165, -0.182997, -0.0959344, 0.101289, 1.7108, -0.0153349, -0.31908, 0.950163, -0.792145, 0.0117878
1618587187958039761, -0.973422, -0.178435, -0.100436, 0.102578, 1.78081, -0.09365, -0.289637, 1.07327, -0.826494, 0.0965698
1618587188057963610, -0.973735, -0.176429, -0.0973641, 0.105984, 1.83751, -0.154848, -0.259204, 1.14299, -0.816959, 0.170928
1618587188157915115, -0.974047, -0.175308, -0.0927986, 0.109031, 1.87557, -0.2036, -0.234739, 1.1485, -0.76943, 0.222272
1618587188257919788, -0.974508, -0.17501, -0.0875722, 0.109714, 1.90122, -0.232384, -0.214578, 1.1322, -0.677822, 0.256574
1618587188357781172, -0.974111, -0.177615, -0.0859558, 0.110328, 1.91451, -0.241449, -0.199307, 1.07501, -0.56337, 0.271861
1618587188457613230, -0.973245, -0.180317, -0.0868504, 0.112861, 1.91683, -0.234977, -0.186563, 0.976105, -0.422408, 0.283708
1618587188557450533, -0.972473, -0.183174, -0.0869453, 0.11482, 1.9096, -0.213084, -0.179706, 0.858163, -0.27609, 0.268504
1618587188657340527, -0.972254, -0.184504, -0.0870943, 0.114435, 1.88781, -0.175318, -0.179629, 0.727491, -0.101277, 0.225811
1618587188757402420, -0.972815, -0.184003, -0.0865797, 0.110809, 1.85813, -0.11977, -0.182677, 0.600074, 0.0918246, 0.194049
1618587188857498407, -0.974174, -0.18483, -0.0822441, 0.100295, 1.82885, -0.0439514, -0.198271, 0.454443, 0.292587, 0.153882
1618587188957580328, -0.97494, -0.185761, -0.083351, 0.0896498, 1.79674, 0.042071, -0.22096, 0.279597, 0.457367, 0.0875301
1618587189057644367, -0.974794, -0.185693, -0.0906955, 0.084077, 1.76029, 0.133534, -0.24323, 0.093793, 0.614306, 0.0111
1618587189157677650, -0.97434, -0.184406, -0.100305, 0.0812118, 1.72203, 0.231767, -0.263738, -0.0876388, 0.714701, -0.061751
1618587189257617950, -0.973455, -0.18434, -0.110018, 0.0793705, 1.68398, 0.321491, -0.290311, -0.239048, 0.76916, -0.138625
1618587189357630014, -0.973388, -0.182134, -0.113969, 0.0797184, 1.64415, 0.414563, -0.3189, -0.370815, 0.841863, -0.209136
1618587189457691669, -0.973434, -0.178909, -0.115274, 0.0844327, 1.60171, 0.510858, -0.329858, -0.502043, 0.899851, -0.222344
1618587189557802677, -0.973915, -0.174756, -0.114863, 0.0880753, 1.56231, 0.584748, -0.334113, -0.618403, 0.899222, -0.214481
1618587189658028126, -0.975372, -0.169348, -0.10777, 0.0914192, 1.50723, 0.641421, -0.327701, -0.773815, 0.886904, -0.186308
1618587189758125544, -0.976887, -0.16541, -0.0980316, 0.0933869, 1.46006, 0.67431, -0.320135, -0.893862, 0.780896, -0.157073
1618587189858053446, -0.977145, -0.162812, -0.0971853, 0.0961019, 1.42218, 0.701192, -0.311362, -0.962941, 0.667745, -0.142461
1618587189957823277, -0.977195, -0.166478, -0.0886217, 0.0975807, 1.38491, 0.713043, -0.312497, -1.03568, 0.52772, -0.143842
1618587190057511568, -0.976385, -0.172481, -0.0832253, 0.0999806, 1.34899, 0.711905, -0.311771, -1.05997, 0.389596, -0.141978
1618587190157191515, -0.975178, -0.179256, -0.0788264, 0.10335, 1.31652, 0.704292, -0.312385, -1.05621, 0.240139, -0.122726
1618587190256862640, -0.973671, -0.188799, -0.0742646, 0.103945, 1.28472, 0.685791, -0.315262, -1.02659, 0.10694, -0.125038
1618587190356723547, -0.971964, -0.201194, -0.0678809, 0.100992, 1.26961, 0.652059, -0.330997, -0.931078, -0.0133928, -0.172457
1618587190456812143, -0.968522, -0.218122, -0.0646581, 0.101033, 1.23553, 0.56095, -0.338147, -0.864878, -0.234974, -0.20333
1618587190557037592, -0.964871, -0.235592, -0.0566333, 0.10155, 1.20949, 0.490551, -0.347402, -0.746698, -0.385498, -0.225988
1618587190657247782, -0.960539, -0.252915, -0.0543854, 0.102181, 1.19938, 0.428322, -0.357565, -0.59245, -0.468668, -0.220691
1618587190757646322, -0.957124, -0.26526, -0.054022, 0.103112, 1.24234, 0.40658, -0.363135, -0.292008, -0.414368, -0.181968
1618587190858096123, -0.955496, -0.273679, -0.0422771, 0.101684, 1.28909, 0.392302, -0.35744, 0.00567539, -0.359295, -0.108002
1618587190958377838, -0.954023, -0.279277, -0.0357225, 0.102804, 1.34251, 0.367866, -0.353237, 0.316785, -0.319631, -0.0323764
1618587191058431387, -0.952546, -0.281679, -0.0380099, 0.108938, 1.41379, 0.321788, -0.357299, 0.608045, -0.312657, 0.00625227
1618587191158455372, -0.952079, -0.279193, -0.0453975, 0.116346, 1.49132, 0.269403, -0.356546, 0.807258, -0.344195, 0.0203839
1618587191258393049, -0.952259, -0.276188, -0.0531947, 0.118718, 1.56096, 0.221627, -0.350338, 0.928481, -0.386821, 0.0463712
1618587191358254433, -0.953263, -0.271406, -0.0590311, 0.11893, 1.62295, 0.166348, -0.330688, 1.03481, -0.44915, 0.137076
1618587191458111525, -0.955515, -0.262979, -0.0667794, 0.115643, 1.66555, 0.103051, -0.311518, 1.07383, -0.583972, 0.235818
1618587191557941198, -0.959698, -0.249967, -0.0781089, 0.101956, 1.67533, 0.0121963, -0.300663, 0.973837, -0.781422, 0.251755
1618587191657748222, -0.963601, -0.233602, -0.0957629, 0.0879386, 1.64617, -0.0999373, -0.312485, 0.777445, -0.950496, 0.165297
1618587191757641792, -0.967242, -0.215372, -0.111039, 0.0756894, 1.60169, -0.187414, -0.324838, 0.567448, -0.994994, 0.0865742
1618587191857504368, -0.969959, -0.196947, -0.127574, 0.0641588, 1.58073, -0.237492, -0.33055, 0.441358, -0.925437, 0.0261534
1618587191957326174, -0.971168, -0.177997, -0.147077, 0.0593216, 1.55257, -0.30018, -0.33598, 0.325476, -0.84209, -0.0825766
1618587192057186842, -0.971887, -0.158569, -0.163023, 0.0609502, 1.5324, -0.338045, -0.350929, 0.237547, -0.700698, -0.254446
1618587192156994820, -0.973316, -0.146872, -0.163351, 0.0663427, 1.51809, -0.351032, -0.370699, 0.162618, -0.519044, -0.420013
1618587192256885290, -0.974634, -0.141464, -0.155505, 0.0767809, 1.43098, -0.320112, -0.403259, -0.053153, -0.246672, -0.535004
1618587192356813431, -0.977131, -0.141762, -0.131611, 0.0883028, 1.33101, -0.256618, -0.393684, -0.270221, 0.0512824, -0.482824
1618587192456782103, -0.979176, -0.147064, -0.102447, 0.0953528, 1.24561, -0.174918, -0.364205, -0.449508, 0.314918, -0.350321
1618587192556763887, -0.979533, -0.156909, -0.0789038, 0.0983341, 1.17649, -0.0973002, -0.335353, -0.576652, 0.505027, -0.191494
1618587192656700134, -0.977639, -0.167663, -0.0763543, 0.101399, 1.14037, -0.0257134, -0.301663, -0.599631, 0.586331, -0.0358869
1618587192756665945, -0.976367, -0.179623, -0.066411, 0.100164, 1.12953, 0.0585529, -0.259688, -0.552657, 0.654657, 0.0737623
1618587192856789827, -0.975522, -0.189541, -0.0586656, 0.0948107, 1.12602, 0.146497, -0.24286, -0.532512, 0.746839, 0.0963167
1618587192957135201, -0.974763, -0.197853, -0.0464642, 0.0923748, 1.1268, 0.21529, -0.226286, -0.494613, 0.781517, 0.148664
1618587193057563543, -0.973747, -0.203552, -0.0283273, 0.0978868, 1.12986, 0.267327, -0.202451, -0.431268, 0.755293, 0.242247
1618587193157799959, -0.972142, -0.20854, -0.0192075, 0.105272, 1.13211, 0.316066, -0.17133, -0.380985, 0.723945, 0.332764
1618587193257662773, -0.96947, -0.220103, -0.00788737, 0.107797, 1.14558, 0.368433, -0.136987, -0.314587, 0.692575, 0.418346
1618587193357470036, -0.965944, -0.234028, -0.00296244, 0.110333, 1.15817, 0.405875, -0.111282, -0.241265, 0.638102, 0.472934
1618587193457390070, -0.96254, -0.245776, -0.00367833, 0.114441, 1.15693, 0.423556, -0.0976172, -0.185267, 0.55567, 0.447735
1618587193557328224, -0.959266, -0.257589, 0.000337422, 0.116, 1.14053, 0.429938, -0.0906743, -0.198858, 0.470559, 0.393633
1618587193657204151, -0.955439, -0.269382, -0.00771523, 0.120456, 1.12594, 0.426717, -0.101259, -0.231201, 0.366042, 0.339608
1618587193757165909, -0.951477, -0.278918, -0.0162493, 0.12897, 1.11133, 0.411765, -0.112041, -0.235209, 0.245158, 0.241355
1618587193857238293, -0.948626, -0.284168, -0.0213808, 0.137479, 1.10324, 0.39446, -0.110636, -0.237241, 0.148462, 0.175907
1618587193957385540, -0.94651, -0.285966, -0.0384902, 0.144432, 1.10026, 0.377757, -0.109754, -0.217331, 0.0143916, 0.204719
1618587194057626963, -0.945879, -0.287089, -0.0449603, 0.144472, 1.10337, 0.360647, -0.101486, -0.170266, -0.0569422, 0.178296
1618587194157787800, -0.94686, -0.286218, -0.0496943, 0.138081, 1.11156, 0.331332, -0.110704, -0.158609, -0.133935, 0.145118
1618587194257871389, -0.946625, -0.285218, -0.0546104, 0.13989, 1.12021, 0.305933, -0.120637, -0.0958262, -0.188314, 0.0794458
1618587194357918024, -0.946506, -0.285423, -0.0549244, 0.140157, 1.12782, 0.281906, -0.131187, -0.0555077, -0.226251, 0.0316137
1618587194457912683, -0.946265, -0.286026, -0.0555033, 0.140328, 1.1343, 0.263542, -0.14338, -0.0293706, -0.249714, -0.0110886
1618587194557884932, -0.946371, -0.287327, -0.0500284, 0.139002, 1.13498, 0.244795, -0.151761, -0.0141947, -0.267423, -0.0445199
1618587194657711506, -0.946129, -0.287905, -0.0503878, 0.139325, 1.13416, 0.230426, -0.160039, -0.0188634, -0.275408, -0.0744404
1618587194757587433, -0.945949, -0.288439, -0.0499038, 0.13962, 1.12695, 0.215039, -0.161843, -0.0215461, -0.274677, -0.0794247
1618587194857513189, -0.945645, -0.288892, -0.0510552, 0.140326, 1.11968, 0.203169, -0.162487, -0.0327642, -0.269919, -0.0840443
1618587194957465887, -0.94539, -0.289682, -0.0505398, 0.140595, 1.11399, 0.195048, -0.162853, -0.0359687, -0.252409, -0.0832236
1618587195057399988, -0.945019, -0.290277, -0.0518822, 0.141377, 1.10891, 0.189823, -0.163594, -0.0372247, -0.230964, -0.0814527
1618587195157369852, -0.944792, -0.290935, -0.0514878, 0.141682, 1.10586, 0.179481, -0.168102, -0.0366609, -0.220602, -0.0870383
1618587195257459879, -0.944472, -0.291449, -0.0525056, 0.142383, 1.10362, 0.17258, -0.172626, -0.0304598, -0.203754, -0.0904966
1618587195357529163, -0.944232, -0.29208, -0.0523256, 0.142751, 1.10271, 0.165891, -0.177018, -0.0271813, -0.187298, -0.0929693
1618587195457561016, -0.943945, -0.292579, -0.0530551, 0.143356, 1.10237, 0.161646, -0.180309, -0.0179047, -0.168177, -0.0904551
1618587195557645559, -0.943714, -0.293118, -0.053068, 0.143766, 1.10347, 0.157821, -0.182635, -0.0120545, -0.149537, -0.08531
1618587195657662868, -0.943462, -0.293566, -0.0535569, 0.144324, 1.10494, 0.15545, -0.183339, -0.00170112, -0.130507, -0.0764664
1618587195757627487, -0.943246, -0.294017, -0.0536823, 0.14477, 1.10866, 0.154745, -0.183733, 0.00713678, -0.109637, -0.0679349
1618587195857667446, -0.94303, -0.294436, -0.0539262, 0.14524, 1.11168, 0.155227, -0.183462, 0.0168165, -0.0900263, -0.0576749
1618587195957699537, -0.942827, -0.294826, -0.0541217, 0.145687, 1.11547, 0.156029, -0.18192, 0.0235238, -0.0725506, -0.0457762
1618587196057682753, -0.942639, -0.295201, -0.0542386, 0.146104, 1.11897, 0.157376, -0.180197, 0.0305845, -0.0565809, -0.033955
1618587196157705307, -0.942444, -0.295564, -0.0544581, 0.146542, 1.12251, 0.159175, -0.178196, 0.0349603, -0.0415245, -0.0238215
1618587196257712126, -0.942262, -0.295941, -0.0545246, 0.14693, 1.12581, 0.160405, -0.176323, 0.0393255, -0.0304858, -0.0146314
1618587196357723951, -0.942078, -0.296272, -0.0547348, 0.147361, 1.12935, 0.160819, -0.173725, 0.0421015, -0.0233243, -0.00523066
1618587196457684278, -0.941904, -0.296629, -0.0547936, 0.147734, 1.132, 0.161119, -0.17164, 0.0423269, -0.0173363, 0.00197918
1618587196557686806, -0.941721, -0.296973, -0.0549696, 0.148144, 1.13364, 0.161332, -0.169893, 0.040624, -0.0140116, 0.00769624
1618587196657710552, -0.941548, -0.297322, -0.0550454, 0.148517, 1.13514, 0.161069, -0.168912, 0.0376406, -0.0124608, 0.0100888
1618587196757796049, -0.941365, -0.297676, -0.055196, 0.148911, 1.1363, 0.160413, -0.168268, 0.0347249, -0.0127015, 0.0108554
1618587196857895851, -0.941185, -0.298038, -0.0552814, 0.14929, 1.13743, 0.15925, -0.168653, 0.0311653, -0.0141506, 0.0096141
1618587196957895279, -0.941009, -0.29837, -0.0554151, 0.149686, 1.13896, 0.157804, -0.168763, 0.0297101, -0.017045, 0.008604
1618587197057791233, -0.940833, -0.298719, -0.0554988, 0.150069, 1.13988, 0.156454, -0.168801, 0.02637, -0.0191911, 0.00766206
1618587197157682657, -0.940654, -0.299051, -0.0556415, 0.150477, 1.14046, 0.155065, -0.169064, 0.0223911, -0.0212808, 0.00668968
1618587197257621288, -0.940487, -0.299375, -0.05573, 0.150843, 1.14116, 0.154095, -0.169547, 0.0197159, -0.0231946, 0.00568321
1618587197357552528, -0.940306, -0.299715, -0.0558566, 0.151245, 1.14155, 0.153293, -0.170232, 0.0166253, -0.0247525, 0.00418687
1618587197457558870, -0.940132, -0.300053, -0.0559507, 0.151626, 1.1415, 0.152708, -0.17084, 0.0130818, -0.0260172, 0.00253261
1618587197557670593, -0.939953, -0.30039, -0.0560766, 0.152017, 1.14111, 0.152246, -0.171438, 0.00853731, -0.027042, 0.00206942
1618587197657724142, -0.939784, -0.300706, -0.056172, 0.152406, 1.14104, 0.152254, -0.171598, 0.0060944, -0.0271766, 0.00261562
1618587197757789850, -0.939606, -0.301039, -0.0562761, 0.152801, 1.14091, 0.151967, -0.171606, 0.00326907, -0.0283579, 0.00241588
1618587197857915878, -0.93943, -0.301381, -0.0563707, 0.153178, 1.14075, 0.151776, -0.171749, 0.00133488, -0.0287784, 0.00102547
1618587197958061934, -0.939252, -0.301717, -0.0564817, 0.153562, 1.14063, 0.151413, -0.171826, -0.000607901, -0.0296575, 0.000823512
1618587198058176994, -0.939076, -0.302055, -0.0565612, 0.153946, 1.14075, 0.150913, -0.172035, -0.00158711, -0.0309121, -2.52198e-05
1618587198158174515, -0.938893, -0.302396, -0.0566641, 0.154353, 1.14057, 0.150401, -0.172191, -0.00311294, -0.0317731, -0.000435333
1618587198258085966, -0.938722, -0.302709, -0.0567546, 0.154746, 1.14003, 0.150013, -0.172336, -0.00476694, -0.0320343, -0.000287268
1618587198357924700, -0.938548, -0.303029, -0.0568562, 0.155139, 1.13931, 0.149567, -0.172497, -0.0065153, -0.033465, -0.000921953
1618587198457783222, -0.938369, -0.303371, -0.0569489, 0.155519, 1.1385, 0.149191, -0.172311, -0.00849455, -0.0339828, -0.000432335
1618587198557749748, -0.938189, -0.3037, -0.0570531, 0.155925, 1.13767, 0.148588, -0.172031, -0.00997396, -0.0352003, -4.68697e-05
1618587198657740831, -0.938011, -0.304033, -0.0571362, 0.156314, 1.13761, 0.14713, -0.171294, -0.00892397, -0.0383877, 0.00194256
