0.999956,0.00571435, 0.00648906, 0.00350297, 0,0,0, 0.1, 0.1, 0.1, 0.5, 0.5, 0.5
0.999956,0.00571435, 0.00648906, 0.00350297, 0,0,0, 0.1, 0.1, 0.1, 0.5, 0.5, 0.5
0.999957,0.0056998, 0.00648689, 0.00348459, 0.00270391,3.51906e-05,-0.00453718, 0.0999526, 0.1, 0.0999526, 0.494978, 0.499999, 0.495462
0.999957,0.00568099, 0.00647835, 0.00348626, 0.00115926,-0.000494104,-0.00863779, 0.0999377, 0.0999978, 0.0999395, 0.485998, 0.499905, 0.48913
0.999957,0.00568667, 0.00651775, 0.0034894, -0.00332375,0.000204821,-0.00824471, 0.0998998, 0.0999744, 0.0999249, 0.484155, 0.499577, 0.488976
0.999956,0.00569064, 0.00652172, 0.00351662, -0.00498393,0.000678155,-0.00831318, 0.0998197, 0.0998947, 0.0999246, 0.483149, 0.499055, 0.488883
0.999957,0.0056846, 0.00646779, 0.00342271, -0.00250872,-0.000374637,-0.00825875, 0.099672, 0.0997521, 0.0999198, 0.481541, 0.498341, 0.48887
0.999957,0.0056815, 0.00649598, 0.00343953, -0.0116344,0.000629044,-0.00868054, 0.0993624, 0.0995652, 0.0997995, 0.47373, 0.496976, 0.47764
0.999957,0.00574758, 0.00646512, 0.00331348, -0.0267209,0.0014702,-0.00458511, 0.0991533, 0.0993862, 0.0997846, 0.464061, 0.494936, 0.468564
0.999958,0.00579863, 0.00628308, 0.00323951, -0.0289451,-0.00136004,-0.00334345, 0.0989972, 0.0992524, 0.0997665, 0.461022, 0.492071, 0.468168
0.999958,0.00579242, 0.00626107, 0.00320348, -0.0278952,-0.0026089,-0.00379863, 0.0989123, 0.0991727, 0.0997598, 0.458874, 0.489446, 0.467915
0.999958,0.00580258, 0.00627359, 0.00319601, -0.0278745,-0.00253692,-0.00379967, 0.0988862, 0.0991484, 0.0997534, 0.458655, 0.489005, 0.467767
0.999958,0.00583111, 0.00627224, 0.00322125, -0.0267217,-0.00359294,-0.00503028, 0.0988292, 0.099147, 0.0996961, 0.45393, 0.487405, 0.464629
0.999958,0.00588381, 0.00620299, 0.0031731, -0.0351676,-0.0112614,-0.0163837, 0.0986467, 0.0991242, 0.0995168, 0.432887, 0.481898, 0.449113
0.999959,0.00588938, 0.00613491, 0.00315409, -0.0400221,-0.016206,-0.0215455, 0.0985318, 0.0990559, 0.0994601, 0.41428, 0.474627, 0.438603
0.99996,0.00589217, 0.00604603, 0.003081, -0.0375239,-0.0188446,-0.0235158, 0.0983773, 0.0989195, 0.0994443, 0.404377, 0.4674, 0.436004
0.999961,0.00590873, 0.00594035, 0.00296308, -0.0346128,-0.020979,-0.0236758, 0.0981122, 0.0986772, 0.0994296, 0.398235, 0.459814, 0.435871
0.999962,0.00593527, 0.00574529, 0.00281424, -0.0335785,-0.024225,-0.021814, 0.0977171, 0.0983075, 0.0994209, 0.393663, 0.452457, 0.43467
0.999963,0.00595581, 0.00565248, 0.00265692, -0.0358751,-0.0251055,-0.0201088, 0.0972208, 0.0978848, 0.0994041, 0.387244, 0.447772, 0.425909
0.999963,0.00596363, 0.00568384, 0.00245468, -0.0466837,-0.0239501,-0.0218011, 0.0966338, 0.0975207, 0.0993371, 0.372123, 0.446314, 0.403949
0.999963,0.0059482, 0.00574373, 0.00230487, -0.0588366,-0.0227696,-0.0247374, 0.0961252, 0.0973144, 0.099253, 0.350695, 0.446099, 0.376857
0.999963,0.00595191, 0.0057914, 0.00221677, -0.0658137,-0.021102,-0.0276199, 0.0958354, 0.097203, 0.099214, 0.335511, 0.445154, 0.359753
0.999963,0.00593868, 0.00583981, 0.00226873, -0.0656374,-0.0216272,-0.0283622, 0.0957154, 0.0970782, 0.0991295, 0.328365, 0.438919, 0.350525
0.999962,0.00595812, 0.00596404, 0.0023342, -0.0641334,-0.0254791,-0.0255925, 0.0956874, 0.0967901, 0.0988907, 0.325821, 0.417247, 0.339675
0.999961,0.00587752, 0.00620452, 0.00234635, -0.0621875,-0.0413337,-0.0204401, 0.0956846, 0.0962868, 0.0984669, 0.324711, 0.378454, 0.322066
0.999958,0.00590431, 0.00657896, 0.0022817, -0.0622715,-0.0622311,-0.0137013, 0.0956695, 0.0957527, 0.098006, 0.323568, 0.339535, 0.303515
0.999956,0.00597751, 0.00686742, 0.00218109, -0.0648978,-0.0829259,-0.0108307, 0.0956382, 0.0952486, 0.0975396, 0.32205, 0.310389, 0.288341
0.999954,0.00602026, 0.00711593, 0.00205003, -0.0666704,-0.0988515,-0.0102379, 0.0955961, 0.0947854, 0.0970765, 0.321181, 0.292197, 0.278166
0.999954,0.005956, 0.00726354, 0.00196525, -0.0660834,-0.107365,-0.0127063, 0.0955283, 0.0944224, 0.0966717, 0.320677, 0.283862, 0.272985
0.999954,0.00595675, 0.0073607, 0.00181705, -0.06622,-0.110835,-0.0154389, 0.0954635, 0.0941495, 0.096371, 0.320121, 0.28143, 0.269833
0.999953,0.00597372, 0.00737355, 0.00174869, -0.0670614,-0.11074,-0.0177981, 0.0953819, 0.0939065, 0.0961142, 0.31941, 0.280802, 0.265962
0.999954,0.00603839, 0.0073236, 0.00166626, -0.0674327,-0.109325,-0.0202793, 0.0953036, 0.0936368, 0.0958756, 0.319101, 0.278731, 0.260711
0.999954,0.00596195, 0.00735004, 0.00160969, -0.0664596,-0.108881,-0.0232394, 0.0952219, 0.0933441, 0.0956472, 0.318551, 0.273474, 0.253993
0.999954,0.00594612, 0.0074039, 0.00167835, -0.066938,-0.111621,-0.020843, 0.0951604, 0.0930933, 0.0955039, 0.318312, 0.265015, 0.245729
0.999953,0.00597083, 0.007398, 0.0017396, -0.0670685,-0.11514,-0.0182951, 0.0950955, 0.0928663, 0.095406, 0.318223, 0.255048, 0.236385
0.999953,0.00596872, 0.00740458, 0.00178695, -0.0673539,-0.118782,-0.0167441, 0.0950372, 0.0926591, 0.0953547, 0.318071, 0.244619, 0.226283
0.999953,0.00594521, 0.00744028, 0.0018312, -0.0679564,-0.123609,-0.0162926, 0.094991, 0.0924782, 0.0953377, 0.317635, 0.23414, 0.215229
0.999952,0.00594107, 0.00750129, 0.00191555, -0.0686584,-0.130249,-0.0148516, 0.094958, 0.0923229, 0.0953368, 0.317223, 0.224753, 0.204047
0.999952,0.00594246, 0.00755699, 0.00200381, -0.0692383,-0.136188,-0.0132448, 0.094927, 0.0921928, 0.095335, 0.316837, 0.217398, 0.194278
0.999951,0.00595658, 0.00761459, 0.00206896, -0.069697,-0.139789,-0.0119923, 0.0948995, 0.092093, 0.0953277, 0.316519, 0.212213, 0.186656
0.99995,0.00597259, 0.00767986, 0.00214228, -0.0697596,-0.143492,-0.0106474, 0.094879, 0.0920286, 0.0953135, 0.316299, 0.208913, 0.18113
0.99995,0.00598728, 0.0077184, 0.00218894, -0.0695799,-0.145902,-0.00996746, 0.0948634, 0.0919866, 0.0952895, 0.316135, 0.206914, 0.177378
0.99995,0.00599919, 0.00774629, 0.00222427, -0.069581,-0.147333,-0.00925358, 0.0948527, 0.0919591, 0.0952609, 0.316035, 0.2058, 0.175078
0.999949,0.00603273, 0.00775863, 0.00224298, -0.0696479,-0.14806,-0.0092261, 0.0948477, 0.0919293, 0.0952213, 0.315945, 0.205087, 0.173706
0.999949,0.00607472, 0.00777325, 0.00226002, -0.0694342,-0.148406,-0.0094542, 0.0948423, 0.0918621, 0.0951406, 0.315735, 0.204485, 0.172698
0.999948,0.00604945, 0.00783657, 0.00229539, -0.0688274,-0.148818,-0.00961303, 0.0948267, 0.0917418, 0.0950007, 0.315224, 0.203992, 0.171817
0.999948,0.00607108, 0.00789198, 0.0023292, -0.0676016,-0.149241,-0.0105027, 0.0948128, 0.0915009, 0.0947445, 0.314575, 0.203532, 0.170792
0.999947,0.00606173, 0.0079726, 0.00237179, -0.0663906,-0.15029,-0.0113779, 0.0947889, 0.0911184, 0.0943396, 0.313582, 0.202916, 0.169476
0.999946,0.00615208, 0.008023, 0.0023923, -0.0652429,-0.150966,-0.0124345, 0.0947759, 0.0907229, 0.0939242, 0.312717, 0.202263, 0.168282
0.999945,0.00613945, 0.00812104, 0.00244221, -0.0635474,-0.15202,-0.0133278, 0.0947451, 0.0903507, 0.09352, 0.311746, 0.201671, 0.16751
0.999945,0.0061116, 0.00819111, 0.00248264, -0.0614028,-0.153513,-0.0140439, 0.0946916, 0.089914, 0.0930376, 0.310287, 0.200655, 0.166917
0.999944,0.00605607, 0.00826112, 0.00250694, -0.0600131,-0.155216,-0.0146414, 0.0946635, 0.0893974, 0.0924862, 0.309343, 0.198634, 0.166353
0.999944,0.00603134, 0.00832294, 0.0025098, -0.0592195,-0.156593,-0.0153401, 0.0946529, 0.0888315, 0.0918827, 0.30899, 0.195188, 0.165696
0.999944,0.00600168, 0.00838965, 0.00252025, -0.0582264,-0.158217,-0.0161506, 0.0946415, 0.0882595, 0.0912605, 0.30837, 0.190419, 0.164797
0.999943,0.00606206, 0.00841141, 0.00259697, -0.0536946,-0.15818,-0.0185237, 0.0946109, 0.087703, 0.0906402, 0.306308, 0.184738, 0.163536
0.999943,0.00608595, 0.00838204, 0.00265098, -0.0506201,-0.159775,-0.0196192, 0.0945473, 0.0871858, 0.0900582, 0.302392, 0.178931, 0.161957
0.999943,0.00603462, 0.00839789, 0.00268291, -0.0485533,-0.16128,-0.0202506, 0.0944874, 0.0866948, 0.089539, 0.299084, 0.173512, 0.160417
0.999942,0.00608083, 0.00846925, 0.00268748, -0.0480044,-0.161379,-0.0204644, 0.0944365, 0.0862495, 0.0891156, 0.297394, 0.168742, 0.159118
0.999942,0.00604467, 0.00851047, 0.00267062, -0.0478556,-0.160863,-0.0204889, 0.0944035, 0.085832, 0.088757, 0.297173, 0.164709, 0.158073
0.999943,0.00590733, 0.00844575, 0.00267849, -0.0477859,-0.161975,-0.0201696, 0.0943699, 0.0853945, 0.0883827, 0.296749, 0.161406, 0.157189
0.999944,0.00586598, 0.00843251, 0.00268148, -0.0472832,-0.162949,-0.0196727, 0.0943533, 0.0849657, 0.0880236, 0.296086, 0.158855, 0.156528
0.999944,0.00585184, 0.00842947, 0.00267647, -0.0467898,-0.163205,-0.019421, 0.0943462, 0.0846509, 0.0877694, 0.295277, 0.157124, 0.155801
0.999944,0.00583041, 0.00841462, 0.00268007, -0.0463839,-0.163187,-0.0194141, 0.094334, 0.0844731, 0.0876355, 0.293834, 0.156128, 0.154353
0.999944,0.00582103, 0.00839161, 0.002708, -0.0465962,-0.163169,-0.0199796, 0.0943, 0.0843819, 0.0875736, 0.292173, 0.15552, 0.151679
0.999944,0.00581096, 0.00835945, 0.00279979, -0.0473665,-0.16373,-0.0211983, 0.0942333, 0.08433, 0.087536, 0.290768, 0.154997, 0.14791
0.999944,0.00580137, 0.00833341, 0.00288321, -0.0479665,-0.164474,-0.0220407, 0.0941433, 0.0842976, 0.087502, 0.289433, 0.154308, 0.143506
0.999944,0.00580195, 0.00831357, 0.00296414, -0.048489,-0.165416,-0.0227469, 0.0940528, 0.084276, 0.0874721, 0.288481, 0.15315, 0.138673
0.999944,0.00578716, 0.0082844, 0.00306615, -0.0489094,-0.166908,-0.023425, 0.0939787, 0.0842492, 0.0874325, 0.288184, 0.15145, 0.133788
0.999944,0.00576204, 0.00825323, 0.0031648, -0.0487354,-0.168511,-0.0234662, 0.0939195, 0.0842168, 0.0873794, 0.288164, 0.149449, 0.129373
0.999944,0.00575802, 0.00822436, 0.00328851, -0.0473804,-0.170335,-0.0235151, 0.0938633, 0.0841827, 0.0873178, 0.287737, 0.147437, 0.125765
0.999944,0.00575725, 0.00820587, 0.0033767, -0.046016,-0.17157,-0.0233692, 0.0938219, 0.0841363, 0.0872554, 0.287028, 0.145479, 0.122991
0.999944,0.00575551, 0.00819818, 0.00345055, -0.0450644,-0.172515,-0.0229962, 0.0937936, 0.0840379, 0.0871545, 0.286684, 0.143602, 0.120818
0.999944,0.00571904, 0.00818096, 0.0035224, -0.0444316,-0.173582,-0.0228349, 0.0937587, 0.0838201, 0.0869297, 0.286504, 0.141887, 0.118912
0.999944,0.00564098, 0.00819084, 0.0035646, -0.044179,-0.174226,-0.0224009, 0.0937119, 0.0834493, 0.0865424, 0.286451, 0.140401, 0.117185
0.999944,0.0055555, 0.00823113, 0.00356551, -0.0441819,-0.174453,-0.0220537, 0.0936485, 0.0829699, 0.0860438, 0.286412, 0.139257, 0.115763
0.999944,0.00549546, 0.00831682, 0.0034804, -0.0441141,-0.174306,-0.0214004, 0.0935637, 0.0824158, 0.085468, 0.286023, 0.138483, 0.114794
0.999944,0.00544274, 0.00841062, 0.00336884, -0.0435936,-0.174237,-0.020773, 0.0934714, 0.0817892, 0.0848002, 0.285035, 0.137916, 0.11417
0.999944,0.0054277, 0.00851128, 0.00327773, -0.0422528,-0.174222,-0.020261, 0.0933958, 0.0811908, 0.0841469, 0.283581, 0.137386, 0.113824
0.999943,0.00543896, 0.00861022, 0.00323827, -0.0402793,-0.174272,-0.0197952, 0.093351, 0.0806969, 0.083596, 0.282022, 0.136718, 0.113585
0.999942,0.00544661, 0.00869646, 0.00322699, -0.0382936,-0.174749,-0.0192509, 0.0933371, 0.0803063, 0.0831541, 0.280971, 0.135695, 0.113157
0.999941,0.00542977, 0.00878613, 0.00323461, -0.0373782,-0.175972,-0.019053, 0.0933303, 0.0799733, 0.0827667, 0.280693, 0.134151, 0.112364
0.999941,0.00533725, 0.00886255, 0.00327708, -0.0368927,-0.177899,-0.0197279, 0.093312, 0.0796627, 0.0823977, 0.280444, 0.132081, 0.111147
0.999941,0.00525901, 0.00894292, 0.00332459, -0.0371355,-0.179603,-0.0202392, 0.0932873, 0.0793425, 0.082016, 0.280056, 0.129661, 0.109657
0.99994,0.00528923, 0.00899718, 0.00334402, -0.0375153,-0.180356,-0.0204421, 0.0932652, 0.0790487, 0.0816647, 0.279797, 0.127183, 0.108033
0.999939,0.00529467, 0.00905411, 0.00336647, -0.0378116,-0.180835,-0.021005, 0.0932437, 0.078767, 0.0813254, 0.279425, 0.124929, 0.106495
0.999939,0.00528387, 0.00910664, 0.0034133, -0.0380465,-0.181595,-0.0218877, 0.0932226, 0.0785034, 0.0810028, 0.27901, 0.123112, 0.105287
0.999938,0.00527583, 0.00915078, 0.00345248, -0.0382957,-0.182309,-0.0225868, 0.0932051, 0.0783224, 0.0807709, 0.278744, 0.121926, 0.104288
0.999938,0.00527442, 0.00918227, 0.00349438, -0.0385055,-0.182873,-0.0233289, 0.0931858, 0.0782052, 0.0806148, 0.278597, 0.121335, 0.103344
0.999938,0.00528386, 0.00920109, 0.00351529, -0.038699,-0.183069,-0.0237199, 0.0931582, 0.0780911, 0.0804752, 0.278435, 0.121106, 0.102412
0.999937,0.0053113, 0.00919831, 0.00350974, -0.0385899,-0.182937,-0.0235074, 0.0931224, 0.0779782, 0.0803554, 0.278157, 0.121034, 0.10147
0.999937,0.00531435, 0.00919426, 0.00351754, -0.0386842,-0.182899,-0.0234941, 0.0930926, 0.0779248, 0.0803148, 0.277914, 0.120984, 0.100301
0.999937,0.0053142, 0.00918197, 0.00352998, -0.038775,-0.182866,-0.023644, 0.093064, 0.0778983, 0.0803111, 0.277809, 0.120636, 0.0987564
0.999938,0.00530753, 0.00918707, 0.00349284, -0.0388454,-0.183293,-0.0232329, 0.0930281, 0.0778701, 0.0803099, 0.27774, 0.119835, 0.0970368
0.999938,0.00531112, 0.0091882, 0.00349992, -0.0385453,-0.183288,-0.0230744, 0.0929736, 0.0778473, 0.0802912, 0.277101, 0.118734, 0.095545
0.999938,0.00530791, 0.00918804, 0.00350075, -0.0387991,-0.183525,-0.0231682, 0.0929507, 0.0778283, 0.080282, 0.276918, 0.117335, 0.0942844
0.999937,0.00527223, 0.00920809, 0.00352711, -0.0385076,-0.184661,-0.0231419, 0.0928927, 0.0777761, 0.0802118, 0.276235, 0.115631, 0.0931911
0.999937,0.00523189, 0.00923012, 0.0035473, -0.0385036,-0.185982,-0.0231544, 0.0928536, 0.0776501, 0.0800723, 0.274922, 0.113723, 0.0921753
0.999937,0.00523746, 0.00926909, 0.00353207, -0.0392792,-0.186878,-0.0231486, 0.0928075, 0.0774268, 0.079833, 0.273272, 0.111788, 0.0912184
0.999936,0.00525396, 0.00932816, 0.00354203, -0.0393062,-0.187326,-0.0235372, 0.0927584, 0.0770525, 0.0794417, 0.271136, 0.110029, 0.0903384
0.999936,0.00519501, 0.00941576, 0.0035665, -0.0393195,-0.187807,-0.0237009, 0.092715, 0.0765812, 0.0789455, 0.26917, 0.108717, 0.0896748
0.999935,0.00515546, 0.00949691, 0.00357779, -0.0391227,-0.188072,-0.0239203, 0.0926952, 0.0760962, 0.0784387, 0.268244, 0.107979, 0.0891989
0.999935,0.00511434, 0.00957007, 0.00358507, -0.0390308,-0.188229,-0.0240564, 0.0926859, 0.0756374, 0.0779575, 0.268027, 0.107711, 0.0889419
0.999934,0.00506441, 0.00965464, 0.0035767, -0.0390559,-0.188267,-0.0240534, 0.0926758, 0.0751708, 0.0774602, 0.267952, 0.107605, 0.0888198
0.999934,0.00499538, 0.00974038, 0.00356041, -0.0388697,-0.188245,-0.0240459, 0.0926457, 0.0746307, 0.0768703, 0.267074, 0.107258, 0.0887228
0.999933,0.00498273, 0.00981568, 0.00359857, -0.0364168,-0.187777,-0.0241811, 0.0925632, 0.0740566, 0.0762224, 0.264198, 0.106365, 0.0885619
0.999932,0.00495858, 0.00986999, 0.00364582, -0.0332721,-0.187394,-0.0244461, 0.0924416, 0.0735496, 0.0756369, 0.259428, 0.104939, 0.0883056
0.999932,0.00495968, 0.00992904, 0.00366966, -0.0313749,-0.187219,-0.0247271, 0.0923597, 0.0731364, 0.0751845, 0.255711, 0.103193, 0.0879502
0.999931,0.00492021, 0.00997926, 0.00366617, -0.0310845,-0.187257,-0.0248806, 0.0923083, 0.0728003, 0.0748455, 0.254202, 0.101334, 0.0874021
0.999931,0.00487554, 0.01001, 0.00365419, -0.031407,-0.187666,-0.0248276, 0.0922489, 0.0725151, 0.0745634, 0.253001, 0.0995309, 0.0865108
0.999931,0.00483814, 0.0100266, 0.00364849, -0.0310351,-0.187908,-0.0246366, 0.0922125, 0.0722712, 0.0743377, 0.251009, 0.0979621, 0.0854439
0.999932,0.00481224, 0.0100264, 0.00364009, -0.0303848,-0.188163,-0.0243979, 0.0921823, 0.0720539, 0.0741426, 0.248471, 0.0967253, 0.0843984
0.999931,0.00480969, 0.0100354, 0.00364835, -0.0303173,-0.188242,-0.0243764, 0.0921495, 0.0718932, 0.0740064, 0.245664, 0.0959123, 0.0834305
0.999931,0.00478913, 0.0100451, 0.00363669, -0.0292442,-0.18844,-0.0239984, 0.0921242, 0.0718035, 0.0739493, 0.243351, 0.0955417, 0.0824552
0.999932,0.00479012, 0.0100334, 0.00364425, -0.0292803,-0.188398,-0.0241135, 0.0921124, 0.0717567, 0.0739356, 0.242315, 0.0954456, 0.0813912
0.999932,0.00479198, 0.0100174, 0.00365422, -0.0295244,-0.188412,-0.0242792, 0.0921022, 0.0717337, 0.0739339, 0.241749, 0.0953973, 0.0800925
0.999932,0.00479354, 0.0100034, 0.00368159, -0.0296064,-0.188651,-0.0244514, 0.0920857, 0.0717143, 0.0739157, 0.241153, 0.0951807, 0.0785262
0.999932,0.00479887, 0.00997418, 0.0037393, -0.0294555,-0.189257,-0.0248634, 0.0920624, 0.0716897, 0.0738731, 0.240311, 0.0947297, 0.076891
0.999932,0.00481445, 0.00995852, 0.00381416, -0.0288856,-0.189883,-0.024962, 0.0920357, 0.0716366, 0.0737921, 0.239749, 0.0940591, 0.0753755
0.999931,0.00479749, 0.00995435, 0.00389941, -0.0279745,-0.190495,-0.0249174, 0.0919919, 0.0715105, 0.0736232, 0.23904, 0.0931848, 0.0739387
0.999931,0.00477263, 0.00999499, 0.0039653, -0.0271473,-0.190764,-0.0246649, 0.0919345, 0.0712934, 0.0733522, 0.238038, 0.092245, 0.0726169
0.99993,0.00471276, 0.0100525, 0.00400353, -0.0266024,-0.190841,-0.0244165, 0.0918836, 0.0710067, 0.0730144, 0.237082, 0.0914314, 0.0715383
0.99993,0.00463223, 0.0101422, 0.00400779, -0.0263556,-0.190694,-0.0241502, 0.0918506, 0.0707017, 0.0726706, 0.236564, 0.0908886, 0.0708196
0.999929,0.00459236, 0.0102121, 0.00399481, -0.0263315,-0.190558,-0.0240053, 0.091832, 0.0704028, 0.0723453, 0.2365, 0.0906245, 0.0704673
0.999929,0.00456852, 0.0102508, 0.00397035, -0.0261742,-0.190538,-0.0240748, 0.0918143, 0.0701825, 0.0721085, 0.236366, 0.0905273, 0.070373
0.999929,0.00456283, 0.0102625, 0.00395435, -0.0255108,-0.190796,-0.0242028, 0.0917973, 0.0701038, 0.072021, 0.235689, 0.0902764, 0.0702735
0.999929,0.00457071, 0.010262, 0.00395121, -0.025037,-0.191136,-0.0243938, 0.0917891, 0.0700918, 0.0720022, 0.234768, 0.0894613, 0.069821
0.999929,0.00457764, 0.0102623, 0.00395502, -0.024426,-0.191731,-0.0245965, 0.0917802, 0.0700862, 0.0719835, 0.234101, 0.0881155, 0.0689275
0.999929,0.00458691, 0.0102589, 0.00396568, -0.0243064,-0.191973,-0.0247553, 0.0917627, 0.07008, 0.0719552, 0.23391, 0.086562, 0.0677443
0.999929,0.00460356, 0.0102558, 0.00397568, -0.0243297,-0.192153,-0.024836, 0.0917315, 0.070073, 0.0719163, 0.233879, 0.0851123, 0.0664777
0.999929,0.00461914, 0.010253, 0.00398376, -0.0243874,-0.192293,-0.0248925, 0.0917115, 0.0700657, 0.0718792, 0.233812, 0.0839486, 0.0653022
0.999929,0.00464309, 0.0102484, 0.00399165, -0.0244536,-0.192387,-0.0249073, 0.0917001, 0.0700595, 0.0718452, 0.233773, 0.0831378, 0.0643327
0.999929,0.00465834, 0.0102409, 0.00400052, -0.0244479,-0.192405,-0.0250178, 0.0916915, 0.0700542, 0.0718152, 0.233744, 0.0826423, 0.0636091
0.999929,0.00467656, 0.0102347, 0.00401488, -0.0244315,-0.192441,-0.025054, 0.0916679, 0.0700457, 0.0717889, 0.233453, 0.0823745, 0.0631584
0.999928,0.00469688, 0.0102327, 0.00403135, -0.0241472,-0.192552,-0.0251313, 0.0915853, 0.0700105, 0.0717703, 0.232045, 0.0821997, 0.0629687
0.999928,0.00470892, 0.010248, 0.00403898, -0.0233798,-0.192755,-0.0251791, 0.0913666, 0.069914, 0.071757, 0.227711, 0.0819127, 0.0629376
0.999928,0.00471737, 0.0102784, 0.0040639, -0.0218842,-0.193025,-0.0251612, 0.0910281, 0.0697663, 0.0717475, 0.219981, 0.0813894, 0.0629144
0.999927,0.00471956, 0.0103047, 0.00412024, -0.0201349,-0.193118,-0.0250757, 0.0906194, 0.0695872, 0.0717382, 0.210601, 0.0806443, 0.0628051
0.999927,0.00471562, 0.0103312, 0.00409871, -0.0187063,-0.193227,-0.0249723, 0.0901971, 0.069402, 0.0717293, 0.201998, 0.0797954, 0.0626073
0.999927,0.00471521, 0.0103512, 0.00405708, -0.0181839,-0.193237,-0.0249146, 0.0898314, 0.0692422, 0.0717279, 0.196259, 0.0790201, 0.0623914
0.999926,0.004726, 0.0103929, 0.00408429, -0.0180347,-0.193385,-0.0248476, 0.0894449, 0.069096, 0.0717079, 0.193227, 0.0784084, 0.0621926
0.999926,0.00473362, 0.0104165, 0.0041274, -0.0179754,-0.193354,-0.0248357, 0.0890617, 0.068949, 0.0716936, 0.191727, 0.0779281, 0.0619875
0.999926,0.00474284, 0.0104565, 0.00407464, -0.0180652,-0.193424,-0.0247856, 0.0886223, 0.0687868, 0.0716679, 0.190567, 0.0775192, 0.061756
0.999925,0.00476474, 0.0104318, 0.0042454, -0.0169971,-0.193107,-0.0248463, 0.0881973, 0.0686366, 0.0716278, 0.188934, 0.0771951, 0.0615251
0.999925,0.00477951, 0.0104258, 0.00432715, -0.0161675,-0.192901,-0.0249158, 0.0878755, 0.068502, 0.0716124, 0.187083, 0.07694, 0.0613679
0.999925,0.00478764, 0.0104307, 0.00438718, -0.015683,-0.19279,-0.0249431, 0.0876106, 0.0683756, 0.0716084, 0.185047, 0.0767261, 0.0612897
0.999924,0.00478807, 0.010449, 0.00442656, -0.0150851,-0.192778,-0.0249406, 0.0874308, 0.0682827, 0.0716049, 0.182438, 0.0765481, 0.0612523
0.999924,0.00478697, 0.0104859, 0.00442387, -0.0139923,-0.192936,-0.0248622, 0.0873248, 0.0682272, 0.0715944, 0.178825, 0.0763766, 0.0612069
0.999924,0.00478633, 0.0105023, 0.0044029, -0.0138119,-0.193011,-0.0248031, 0.0872657, 0.0681906, 0.0715909, 0.175031, 0.0761859, 0.061163
0.999924,0.00479119, 0.0105119, 0.00441115, -0.0129643,-0.193158,-0.0247671, 0.0872411, 0.0681734, 0.0715892, 0.171358, 0.0759803, 0.0611372
0.999924,0.00479231, 0.0105108, 0.00440277, -0.0127519,-0.193218,-0.0247716, 0.0872238, 0.0681661, 0.0715876, 0.16775, 0.0757692, 0.0611205
0.999924,0.00479381, 0.0105074, 0.00438862, -0.0126534,-0.193245,-0.024785, 0.0872003, 0.0681625, 0.0715843, 0.164355, 0.0755739, 0.0611011
0.999924,0.00479581, 0.0105086, 0.004376, -0.0127001,-0.193277,-0.024801, 0.0871697, 0.0681577, 0.0715823, 0.161168, 0.0753957, 0.0610743
0.999924,0.00480027, 0.0105154, 0.00434801, -0.0132636,-0.193207,-0.0248407, 0.0871208, 0.0681467, 0.0715803, 0.15819, 0.0752326, 0.0610423
0.999924,0.00480215, 0.0105165, 0.00437584, -0.0128463,-0.1933,-0.0248041, 0.0870345, 0.0681197, 0.0715757, 0.155356, 0.075078, 0.0610052
0.999923,0.00481156, 0.0105222, 0.00446042, -0.012487,-0.193368,-0.0247542, 0.0868836, 0.0680643, 0.0715668, 0.152632, 0.0749272, 0.0609647
0.999923,0.00481647, 0.0105457, 0.00447887, -0.0123469,-0.193414,-0.024729, 0.0866525, 0.0679658, 0.0715595, 0.15017, 0.0747817, 0.0609159
0.999923,0.00481519, 0.0105796, 0.00444122, -0.0123315,-0.19347,-0.0247189, 0.086309, 0.0678097, 0.0715513, 0.14803, 0.0746445, 0.0608614
0.999922,0.00482451, 0.0106174, 0.00445045, -0.0120494,-0.193538,-0.0246726, 0.0858422, 0.0675948, 0.0715344, 0.14623, 0.074513, 0.0608122
0.999922,0.00483697, 0.0106531, 0.00447531, -0.0119052,-0.193586,-0.0246383, 0.0853352, 0.0673578, 0.0715128, 0.144929, 0.0743933, 0.0607711
0.999921,0.00485121, 0.0106871, 0.00455818, -0.0117495,-0.19357,-0.0246066, 0.0848221, 0.067113, 0.0715, 0.144077, 0.0742819, 0.0607422
0.99992,0.00485809, 0.0107307, 0.00461202, -0.011682,-0.193594,-0.0245863, 0.0842882, 0.0668547, 0.0714957, 0.143344, 0.0741532, 0.060726
0.999919,0.00486433, 0.010805, 0.00468889, -0.011603,-0.19361,-0.0245594, 0.0837628, 0.0665977, 0.0714937, 0.142381, 0.0739815, 0.0607147
0.999918,0.00486151, 0.0108834, 0.00468394, -0.0113301,-0.193686,-0.0245189, 0.0832288, 0.0663308, 0.0714904, 0.140791, 0.0737347, 0.0607043
0.999917,0.00485782, 0.0109434, 0.00473439, -0.0112675,-0.193732,-0.0244993, 0.0827037, 0.0660683, 0.0714875, 0.138518, 0.0734035, 0.0606887
0.999916,0.00485979, 0.0110106, 0.0047809, -0.0111782,-0.193778,-0.0244665, 0.0821385, 0.0657904, 0.0714846, 0.135727, 0.0729785, 0.0606615
0.999915,0.00485631, 0.0110793, 0.00480993, -0.0113141,-0.193832,-0.0244468, 0.0816692, 0.0655649, 0.0714811, 0.132905, 0.0725588, 0.0606286
0.999915,0.00485036, 0.0111286, 0.00478462, -0.0114465,-0.193872,-0.0244479, 0.0813057, 0.0653962, 0.0714737, 0.130488, 0.072239, 0.0605978
0.999915,0.00486292, 0.0111313, 0.00482063, -0.0119076,-0.193805,-0.0244842, 0.0809937, 0.0652545, 0.0714647, 0.128658, 0.0720268, 0.0605663
0.999914,0.00485702, 0.011165, 0.00479437, -0.0118871,-0.193824,-0.0244798, 0.080733, 0.0651405, 0.0714556, 0.127432, 0.0719025, 0.0605416
0.999914,0.00485746, 0.0111767, 0.00481826, -0.0118694,-0.193824,-0.024472, 0.0805201, 0.0650511, 0.0714478, 0.126783, 0.0718234, 0.0605213
0.999914,0.00485753, 0.0112059, 0.00487357, -0.0118814,-0.193817,-0.0244629, 0.0803312, 0.0649744, 0.0714389, 0.126539, 0.0717336, 0.0605064
0.999913,0.00485228, 0.0112171, 0.00491631, -0.0118684,-0.193795,-0.0244575, 0.0801869, 0.0649146, 0.0714267, 0.126486, 0.0715925, 0.0605036
0.999913,0.00484682, 0.0112192, 0.00491036, -0.0118236,-0.19377,-0.0244508, 0.0801115, 0.0648868, 0.0714126, 0.12637, 0.0713733, 0.0605015
0.999913,0.00484162, 0.0112104, 0.00490289, -0.0116001,-0.193749,-0.0244488, 0.0800856, 0.0648783, 0.071404, 0.125931, 0.0710448, 0.0605007
0.999913,0.00483442, 0.0112131, 0.00490313, -0.0113615,-0.193772,-0.0244694, 0.0800576, 0.0648734, 0.0713871, 0.12482, 0.0705904, 0.0604953
0.999913,0.00482968, 0.0112093, 0.00490846, -0.0110597,-0.193773,-0.0244653, 0.0800396, 0.064866, 0.0713827, 0.123184, 0.0700398, 0.0604916
0.999913,0.00482461, 0.0112114, 0.00493285, -0.0106896,-0.193782,-0.0244444, 0.0800047, 0.0648511, 0.0713782, 0.121222, 0.0694324, 0.0604851
0.999913,0.00481495, 0.0112243, 0.004965, -0.0101795,-0.193795,-0.0244111, 0.0799229, 0.0648129, 0.0713746, 0.118993, 0.0687999, 0.0604744
0.999913,0.00480246, 0.0112365, 0.0049813, -0.0096058,-0.193841,-0.0243786, 0.0797639, 0.0647363, 0.0713662, 0.116671, 0.068186, 0.060464
0.999913,0.00479811, 0.011249, 0.00497199, -0.0094279,-0.193895,-0.0243704, 0.0795534, 0.0646287, 0.0713595, 0.114579, 0.0676479, 0.0604509
0.999912,0.00479944, 0.0112843, 0.00499647, -0.00923578,-0.193936,-0.0243457, 0.0792792, 0.0644864, 0.071356, 0.112922, 0.067227, 0.0604308
0.999911,0.00480361, 0.0113376, 0.00510806, -0.00903904,-0.193917,-0.0243079, 0.0789039, 0.064287, 0.0713533, 0.111738, 0.0669369, 0.060408
0.99991,0.00480183, 0.011394, 0.00519877, -0.00883414,-0.193908,-0.0242738, 0.0784258, 0.0640252, 0.0713511, 0.11103, 0.0667714, 0.0603962
0.999909,0.00479023, 0.0114618, 0.00524272, -0.00874765,-0.193921,-0.0242589, 0.0779086, 0.0637404, 0.0713366, 0.110715, 0.0667033, 0.0603923
0.999908,0.00478227, 0.0115182, 0.0052522, -0.00877256,-0.193914,-0.0242504, 0.0774437, 0.0634806, 0.0713289, 0.110625, 0.0666833, 0.0603853
0.999908,0.00478523, 0.0115652, 0.00525954, -0.00876352,-0.193922,-0.0242401, 0.077039, 0.0632591, 0.071326, 0.110524, 0.0666468, 0.0603803
0.999907,0.00479402, 0.0116138, 0.00525984, -0.00877991,-0.193928,-0.0242359, 0.076668, 0.063067, 0.0713161, 0.11012, 0.0665337, 0.060376
0.999907,0.00480712, 0.0116568, 0.00527587, -0.00893276,-0.193944,-0.0242546, 0.0762784, 0.0628846, 0.0712829, 0.10916, 0.0663109, 0.0603657
0.999906,0.00481753, 0.0116691, 0.00535519, -0.00871774,-0.193925,-0.0242614, 0.075916, 0.0627133, 0.0712473, 0.107694, 0.0659898, 0.0603497
0.999906,0.0048279, 0.0116849, 0.00538759, -0.0082783,-0.193939,-0.024252, 0.075643, 0.0625724, 0.0712312, 0.106097, 0.0656195, 0.0603399
0.999905,0.00483156, 0.011693, 0.00547038, -0.00778663,-0.19401,-0.0242407, 0.0754293, 0.0624568, 0.071223, 0.104642, 0.0652567, 0.0603358
0.999905,0.00482947, 0.0117094, 0.00549554, -0.00765719,-0.194009,-0.0242289, 0.0752621, 0.0623566, 0.0712215, 0.103543, 0.0649509, 0.0603286
0.999904,0.00482209, 0.011728, 0.00551379, -0.00750133,-0.193998,-0.0242028, 0.0751348, 0.0622795, 0.0712109, 0.102778, 0.0647358, 0.0602986
0.999904,0.00481726, 0.011749, 0.00551422, -0.00730852,-0.193969,-0.0241622, 0.0750562, 0.0622265, 0.0711998, 0.102275, 0.0646195, 0.0602538
0.999904,0.00481195, 0.0117486, 0.00550695, -0.00724626,-0.19397,-0.0241354, 0.0750174, 0.0621927, 0.0711935, 0.101986, 0.0645817, 0.060216
0.999904,0.00480865, 0.0117443, 0.00549969, -0.00725955,-0.193969,-0.0241284, 0.0750014, 0.0621693, 0.0711901, 0.101863, 0.0645794, 0.0602003
0.999904,0.00480744, 0.0117356, 0.00549276, -0.00730609,-0.193963,-0.0241305, 0.0749927, 0.0621551, 0.0711857, 0.101781, 0.0645718, 0.0601968
0.999904,0.00480721, 0.0117364, 0.00549386, -0.00731493,-0.193958,-0.0241292, 0.0749812, 0.0621453, 0.0711834, 0.101606, 0.0645323, 0.0601935
0.999904,0.00480541, 0.0117403, 0.00548835, -0.00726929,-0.193963,-0.0241255, 0.0749448, 0.0621292, 0.07118, 0.101274, 0.0644472, 0.060185
0.999904,0.00480605, 0.0117513, 0.00547623, -0.00722387,-0.193967,-0.02412, 0.0748527, 0.0620859, 0.0711775, 0.100746, 0.064312, 0.0601744
0.999904,0.00481108, 0.011767, 0.00546539, -0.00722207,-0.194005,-0.0241178, 0.0746534, 0.0619859, 0.0711663, 0.100023, 0.0641286, 0.0601666
0.999904,0.00482266, 0.0117871, 0.00548924, -0.00720102,-0.194045,-0.0241079, 0.0743362, 0.0618306, 0.0711427, 0.099186, 0.0639207, 0.0601587
0.999903,0.00483245, 0.011821, 0.00558555, -0.00717958,-0.194065,-0.0240843, 0.0739489, 0.0616396, 0.0711192, 0.0984228, 0.0637319, 0.0601503
0.999902,0.00484307, 0.011876, 0.00566231, -0.00718131,-0.194068,-0.0240614, 0.0735475, 0.0614339, 0.0711047, 0.0979186, 0.0635962, 0.0601433
0.9999,0.00485134, 0.011961, 0.00572644, -0.00721827,-0.194081,-0.0240382, 0.0731468, 0.0612172, 0.0710949, 0.0976869, 0.063521, 0.0601359
0.999899,0.00485765, 0.0120538, 0.00578142, -0.00725058,-0.194085,-0.0240135, 0.0727653, 0.0610024, 0.0710896, 0.0976191, 0.0634934, 0.0601264
0.999898,0.0048558, 0.0121164, 0.00583012, -0.00719033,-0.194091,-0.0239885, 0.0723975, 0.0607868, 0.0710829, 0.0975445, 0.063478, 0.0601183
0.999897,0.0048427, 0.0121743, 0.00579226, -0.00710154,-0.194136,-0.0239652, 0.0720505, 0.0605835, 0.0710701, 0.0972992, 0.0634342, 0.0601059
0.999897,0.00484307, 0.0121911, 0.00578829, -0.0072956,-0.19416,-0.0239633, 0.0717564, 0.0604174, 0.0710646, 0.0969386, 0.0633455, 0.0601015
0.999897,0.00485342, 0.0122161, 0.00583027, -0.00738674,-0.194187,-0.023956, 0.0714659, 0.0602689, 0.071039, 0.0964537, 0.0632182, 0.0600853
0.999896,0.00485482, 0.0122691, 0.00589472, -0.00739333,-0.194226,-0.023929, 0.0711833, 0.0601152, 0.0710222, 0.0958672, 0.0630658, 0.0600591
0.999895,0.00484016, 0.0123226, 0.00594045, -0.00730307,-0.194294,-0.0238958, 0.0709243, 0.0599709, 0.0710161, 0.0952937, 0.0629094, 0.0600479
0.999894,0.00481099, 0.0123823, 0.0060011, -0.00708592,-0.194379,-0.0238822, 0.0706632, 0.0598383, 0.0709916, 0.0947665, 0.0627689, 0.0600437
0.999894,0.00478207, 0.0124139, 0.00599843, -0.00706446,-0.19442,-0.0239016, 0.0704137, 0.0597318, 0.0709322, 0.0942414, 0.0626663, 0.0600099
0.999894,0.0047719, 0.0124185, 0.0059633, -0.00720524,-0.194412,-0.0239111, 0.0702896, 0.0596722, 0.0709179, 0.0939392, 0.0626234, 0.0599768
0.999894,0.00476845, 0.0124324, 0.00596997, -0.00720823,-0.194407,-0.0239014, 0.0702177, 0.0596353, 0.0709157, 0.0938451, 0.0626144, 0.059962
0.999893,0.00476687, 0.0124433, 0.00597554, -0.00718199,-0.194409,-0.0238934, 0.0701813, 0.0596163, 0.0709127, 0.0938176, 0.0626022, 0.0599575
0.999893,0.00475871, 0.0124447, 0.00596631, -0.00717268,-0.194424,-0.0238911, 0.0701697, 0.0596082, 0.0709049, 0.0936923, 0.0625474, 0.059951
0.999894,0.00474583, 0.0124415, 0.00597258, -0.00703404,-0.194418,-0.0238981, 0.0701501, 0.0596051, 0.0708854, 0.0933295, 0.0624177, 0.0599368
0.999894,0.00474534, 0.0124438, 0.00594847, -0.00716343,-0.194498,-0.0239058, 0.0701243, 0.0596013, 0.070866, 0.0926878, 0.0622039, 0.0599177
0.999894,0.00474146, 0.0124491, 0.00593308, -0.00726371,-0.19455,-0.0239093, 0.0700989, 0.0595916, 0.0708587, 0.091883, 0.0619205, 0.0599094
0.999893,0.00473933, 0.0124663, 0.00595152, -0.00716658,-0.194614,-0.0238971, 0.0700417, 0.0595657, 0.0708464, 0.0909973, 0.0615898, 0.0599061
0.999893,0.00473438, 0.0124918, 0.00598376, -0.00701604,-0.194693,-0.0238727, 0.0699376, 0.0595123, 0.0708378, 0.0900853, 0.0612386, 0.0598974
0.999892,0.00472844, 0.0125188, 0.00600857, -0.00688245,-0.194757,-0.023853, 0.0697851, 0.0594297, 0.0708314, 0.0892587, 0.0609064, 0.0598887
0.999892,0.00472202, 0.0125616, 0.00606055, -0.00674779,-0.19475,-0.0238305, 0.0695899, 0.0593213, 0.0708259, 0.0886063, 0.0606326, 0.0598819
0.999891,0.00472187, 0.0126005, 0.00611331, -0.00673411,-0.194753,-0.0238182, 0.0693656, 0.0591912, 0.0708218, 0.0881653, 0.0604411, 0.0598766
0.99989,0.00471544, 0.0126577, 0.00616177, -0.00674402,-0.194732,-0.0238057, 0.0691162, 0.0590408, 0.0708161, 0.0879255, 0.0603344, 0.0598738
0.999889,0.00470604, 0.012706, 0.00621915, -0.00672149,-0.194751,-0.0237992, 0.0687717, 0.0588279, 0.0708006, 0.087823, 0.0602899, 0.0598646
0.999888,0.00468377, 0.0127791, 0.00626549, -0.00664786,-0.194765,-0.0237769, 0.0683644, 0.0585764, 0.0707763, 0.0877439, 0.0602715, 0.0598405
0.999887,0.00467793, 0.0128554, 0.00626928, -0.00658884,-0.194789,-0.0237568, 0.0679818, 0.0583313, 0.0707728, 0.0876263, 0.0602355, 0.0598231
0.999886,0.0046865, 0.0129002, 0.00629081, -0.0065299,-0.194802,-0.023742, 0.0676384, 0.0581195, 0.0707658, 0.0873711, 0.060142, 0.0598176
0.999885,0.0047024, 0.0129384, 0.00629561, -0.00661767,-0.19484,-0.0237475, 0.0673343, 0.0579522, 0.0707344, 0.0868636, 0.0599727, 0.0598044
0.999885,0.00471752, 0.012954, 0.00635532, -0.00665252,-0.194878,-0.0237626, 0.067035, 0.0578089, 0.0706621, 0.0860114, 0.0597268, 0.0597559
0.999884,0.00473229, 0.0129586, 0.00643028, -0.0063023,-0.194927,-0.0237399, 0.0667795, 0.057679, 0.0706186, 0.0849667, 0.0594278, 0.0597012
0.999883,0.004748, 0.0129978, 0.00645419, -0.00627795,-0.195004,-0.0237216, 0.0665713, 0.0575643, 0.0705983, 0.0839587, 0.0591137, 0.0596688
0.999883,0.00475565, 0.0130197, 0.00649852, -0.00621703,-0.195093,-0.0237017, 0.0664012, 0.0574604, 0.0705911, 0.0831268, 0.0588209, 0.0596595
0.999882,0.00475665, 0.0130373, 0.00652021, -0.00623625,-0.195154,-0.0237005, 0.0662901, 0.0573835, 0.070588, 0.0825736, 0.0585985, 0.0596566
0.999882,0.00475352, 0.0130463, 0.00653224, -0.00625096,-0.195163,-0.0237023, 0.0662304, 0.0573372, 0.0705783, 0.0822692, 0.0584742, 0.0596357
0.999882,0.00475054, 0.0130617, 0.00653367, -0.00620396,-0.195162,-0.0236882, 0.066204, 0.0573105, 0.0705663, 0.0821271, 0.0584319, 0.0595997
0.999882,0.00475271, 0.0130673, 0.00653211, -0.00619541,-0.195159,-0.0236885, 0.0661901, 0.0572923, 0.0705514, 0.0820425, 0.0584275, 0.0595595
0.999882,0.00475483, 0.0130685, 0.00653394, -0.00618602,-0.195152,-0.023699, 0.0661883, 0.0572821, 0.0705438, 0.081981, 0.0584192, 0.0595413
0.999882,0.00475603, 0.0130679, 0.00653185, -0.00617702,-0.195175,-0.0237051, 0.0661803, 0.0572708, 0.0705375, 0.0818677, 0.0583759, 0.0595378
0.999882,0.00475945, 0.0130788, 0.00654112, -0.00611018,-0.195192,-0.0237002, 0.0661416, 0.0572427, 0.0705328, 0.0816415, 0.0582777, 0.0595367
0.999881,0.00475682, 0.0131049, 0.00653983, -0.00609166,-0.195183,-0.023693, 0.0660449, 0.0571809, 0.0705278, 0.0813017, 0.0581228, 0.0595295
0.999881,0.0047665, 0.013129, 0.00652967, -0.00602476,-0.195217,-0.0236773, 0.0658604, 0.0570653, 0.0705183, 0.0808751, 0.0579247, 0.0595159
0.99988,0.00479041, 0.0131658, 0.00656173, -0.00592003,-0.195258,-0.0236505, 0.0655818, 0.0569003, 0.0704947, 0.0804232, 0.0577187, 0.0595003
0.999879,0.00481252, 0.0132174, 0.00662069, -0.00588098,-0.195283,-0.0236302, 0.0652804, 0.0567204, 0.0704769, 0.0800639, 0.0575545, 0.0594876
0.999878,0.00482781, 0.0132729, 0.00664577, -0.00590342,-0.195308,-0.0236194, 0.0650182, 0.0565593, 0.0704677, 0.0798784, 0.0574639, 0.05948
0.999878,0.00483629, 0.0132954, 0.00667992, -0.00589041,-0.195305,-0.0236136, 0.0648373, 0.0564452, 0.0704614, 0.0798373, 0.0574352, 0.0594769
0.999877,0.00483798, 0.0133132, 0.00669429, -0.00584903,-0.19529,-0.0236044, 0.0647348, 0.0563799, 0.0704592, 0.0797945, 0.0574152, 0.0594741
0.999877,0.00484084, 0.013333, 0.00670479, -0.0056899,-0.195262,-0.0235825, 0.064669, 0.0563373, 0.0704495, 0.0795863, 0.0573501, 0.0594519
0.999877,0.00484205, 0.0133458, 0.00671141, -0.00547998,-0.195268,-0.0235402, 0.0646153, 0.0563082, 0.070422, 0.0791383, 0.0572176, 0.0593993
0.999877,0.0048473, 0.0133602, 0.00670139, -0.00522823,-0.19531,-0.0234734, 0.0645883, 0.0562934, 0.0704021, 0.0785236, 0.057016, 0.0593344
0.999877,0.00484748, 0.0133605, 0.00669142, -0.00512503,-0.19537,-0.0234353, 0.0645783, 0.0562839, 0.0703948, 0.0779133, 0.0567658, 0.0592869
0.999877,0.0048428, 0.0133543, 0.00668037, -0.00509968,-0.195453,-0.0234179, 0.0645671, 0.0562713, 0.0703866, 0.0774167, 0.0565069, 0.0592523
0.999877,0.00482847, 0.0133475, 0.00668273, -0.00512615,-0.195535,-0.0234422, 0.0645178, 0.0562544, 0.0703305, 0.0770599, 0.0562843, 0.0591971
0.999877,0.00481865, 0.0133384, 0.00669443, -0.0051462,-0.195591,-0.0234936, 0.0644291, 0.0562353, 0.070222, 0.0767376, 0.0561271, 0.0590778
0.999877,0.00480215, 0.0133263, 0.00671037, -0.00503344,-0.195593,-0.0234986, 0.0642553, 0.0562158, 0.0700005, 0.0762694, 0.0560384, 0.0588435
0.999877,0.00477546, 0.0133099, 0.00672831, -0.00471094,-0.195568,-0.0234026, 0.0640868, 0.056199, 0.0697856, 0.0756905, 0.0560031, 0.0585646
0.999878,0.00476189, 0.0133001, 0.00673575, -0.0044912,-0.195558,-0.0233262, 0.0639542, 0.0561877, 0.0696213, 0.0751393, 0.0559976, 0.0583387
0.999878,0.0047489, 0.013292, 0.0067405, -0.00420068,-0.195572,-0.023178, 0.0638152, 0.0561812, 0.0694527, 0.0746131, 0.0559934, 0.0581746
0.999878,0.00472941, 0.0132858, 0.00674901, -0.00400284,-0.195615,-0.0230747, 0.06369, 0.0561783, 0.0693043, 0.0741528, 0.055973, 0.0580793
0.999878,0.00470646, 0.0132804, 0.00674839, -0.00385757,-0.195672,-0.0230393, 0.063579, 0.0561769, 0.0691743, 0.0737715, 0.0559306, 0.0580356
0.999878,0.00469222, 0.0132769, 0.00675331, -0.00385606,-0.195727,-0.0230474, 0.0635069, 0.056175, 0.0690908, 0.0734917, 0.0558696, 0.0580185
0.999878,0.00468109, 0.0132783, 0.00675765, -0.00385397,-0.195722,-0.0230531, 0.0634674, 0.0561712, 0.0690438, 0.0732975, 0.0557964, 0.0579842
0.999878,0.00467362, 0.0132753, 0.00676323, -0.00389577,-0.195761,-0.0230938, 0.06342, 0.0561653, 0.068983, 0.0731356, 0.0557148, 0.0579171
0.999878,0.00466605, 0.0132732, 0.00677113, -0.00399195,-0.195853,-0.02323, 0.063414, 0.056156, 0.0689724, 0.0729956, 0.0556304, 0.0577531
0.999878,0.00466141, 0.0132723, 0.0067763, -0.00404277,-0.195903,-0.0233169, 0.0634094, 0.0561429, 0.0689623, 0.072819, 0.055544, 0.0574772
0.999878,0.0046532, 0.0132787, 0.0067818, -0.00414095,-0.195964,-0.0234206, 0.063401, 0.0561275, 0.0689504, 0.0726113, 0.0554628, 0.0571229
0.999878,0.00461846, 0.0132884, 0.00680902, -0.00427581,-0.196037,-0.0235744, 0.0633364, 0.0561095, 0.0688729, 0.0722845, 0.0553888, 0.0565877
0.999878,0.00453012, 0.0132905, 0.00684622, -0.00415805,-0.19602,-0.023524, 0.0630636, 0.056088, 0.0685384, 0.0716318, 0.0553225, 0.0557079
0.999878,0.0044557, 0.0132859, 0.00688874, -0.00393292,-0.19598,-0.0233989, 0.0627294, 0.0560691, 0.0681344, 0.0707988, 0.0552667, 0.0546893
0.999879,0.00436277, 0.0132734, 0.00690339, -0.00353434,-0.195913,-0.023149, 0.0623856, 0.0560561, 0.067719, 0.070017, 0.0552227, 0.05377
0.999879,0.00431053, 0.0132649, 0.00691296, -0.00331046,-0.195872,-0.0229753, 0.0620834, 0.05605, 0.0673521, 0.0694475, 0.0551918, 0.0531105
0.999879,0.00426796, 0.0132664, 0.00692584, -0.00342662,-0.195844,-0.0228437, 0.0618482, 0.0560482, 0.0670623, 0.0691226, 0.0551697, 0.0527462
0.999879,0.00421341, 0.0132672, 0.00695007, -0.00350804,-0.19581,-0.0227662, 0.0616926, 0.0560475, 0.0668651, 0.0689896, 0.0551515, 0.052618
0.999879,0.0041754, 0.0132686, 0.00697719, -0.00353826,-0.195784,-0.0227148, 0.0615036, 0.056047, 0.0666235, 0.0688816, 0.0551352, 0.0525811
0.999879,0.00414071, 0.0132703, 0.00700008, -0.00363018,-0.195754,-0.0227208, 0.0613784, 0.0560458, 0.0664663, 0.0687697, 0.0551207, 0.0525631
0.999879,0.00411816, 0.0132745, 0.00701948, -0.00367935,-0.195752,-0.0227222, 0.0612829, 0.0560439, 0.066351, 0.0686175, 0.0551071, 0.0524851
0.999879,0.00409299, 0.0132799, 0.00704022, -0.00380383,-0.195748,-0.0227692, 0.0611967, 0.0560413, 0.0662508, 0.0684186, 0.055092, 0.0523092
0.999879,0.00407395, 0.0132829, 0.00705439, -0.00394671,-0.19575,-0.0228562, 0.0611203, 0.0560374, 0.0661637, 0.0682007, 0.0550742, 0.0520395
0.999879,0.00405885, 0.0132829, 0.00706547, -0.00402728,-0.195749,-0.0229298, 0.0610721, 0.0560315, 0.0661115, 0.0680085, 0.055056, 0.0516847
0.999879,0.0040541, 0.0132803, 0.00707233, -0.00406766,-0.195745,-0.0230047, 0.0610535, 0.0560241, 0.0660961, 0.0678696, 0.0550397, 0.0512291
0.999879,0.00404642, 0.0132787, 0.00707958, -0.00413061,-0.195748,-0.0231311, 0.0610375, 0.0560162, 0.0660838, 0.0677737, 0.0550256, 0.050688
0.999879,0.00404088, 0.0132663, 0.00710102, -0.00406611,-0.19572,-0.02324, 0.0609927, 0.0560074, 0.0660346, 0.0676649, 0.0550118, 0.0500339
0.999879,0.00402784, 0.0132553, 0.00713905, -0.00396406,-0.195692,-0.0232518, 0.0608767, 0.0559962, 0.0658937, 0.0674695, 0.0549972, 0.0492598
0.999879,0.00402133, 0.0132441, 0.00715951, -0.00377867,-0.195651,-0.0231518, 0.0607178, 0.0559825, 0.0656979, 0.0672089, 0.0549822, 0.0484717
0.999879,0.0039781, 0.01324, 0.00719144, -0.00378695,-0.195654,-0.0232388, 0.0605892, 0.0559702, 0.0655407, 0.0670071, 0.0549693, 0.0478436
0.999879,0.0039691, 0.0132316, 0.00721227, -0.00364335,-0.195618,-0.0231314, 0.0604223, 0.0559591, 0.0653348, 0.0668521, 0.05496, 0.0473682
0.999879,0.00391223, 0.0132291, 0.00724503, -0.0036027,-0.19561,-0.0231323, 0.0602441, 0.0559511, 0.065113, 0.0667503, 0.0549535, 0.0470501
0.999879,0.00389713, 0.0132309, 0.00726163, -0.0035878,-0.195615,-0.0231503, 0.0601631, 0.0559469, 0.0650116, 0.0667241, 0.0549497, 0.0469257
0.999878,0.00385764, 0.013233, 0.00728049, -0.00357122,-0.195614,-0.023142, 0.0600346, 0.0559444, 0.0648495, 0.066707, 0.0549474, 0.0468809
0.999878,0.00383805, 0.0132324, 0.00729464, -0.00357513,-0.195611,-0.0231327, 0.0599551, 0.0559429, 0.0647498, 0.0666717, 0.0549461, 0.0468764
0.999879,0.00381033, 0.0132287, 0.00731081, -0.00358,-0.19561,-0.0231578, 0.0598842, 0.0559415, 0.0646627, 0.0666032, 0.0549449, 0.0468585
0.999879,0.00378673, 0.0132223, 0.0073349, -0.00354013,-0.195609,-0.023206, 0.0597954, 0.0559382, 0.064556, 0.0665249, 0.0549434, 0.0468074
0.999879,0.00376157, 0.013209, 0.00736686, -0.00342839,-0.195605,-0.0232715, 0.0596662, 0.0559324, 0.0644022, 0.066457, 0.0549414, 0.0467357
0.999879,0.00372523, 0.0131936, 0.00740104, -0.00332418,-0.195605,-0.0233563, 0.0595369, 0.055925, 0.0642514, 0.0663899, 0.0549389, 0.0466455
0.999879,0.00369261, 0.0131841, 0.00742614, -0.00325174,-0.195611,-0.0234352, 0.0594274, 0.0559159, 0.0641268, 0.0663239, 0.0549347, 0.0465337
0.999879,0.00367348, 0.0131735, 0.00745717, -0.00316663,-0.195619,-0.0235277, 0.0593344, 0.055906, 0.064022, 0.0662592, 0.0549275, 0.0464044
0.999879,0.00366213, 0.0131639, 0.00747025, -0.00311057,-0.195623,-0.0236229, 0.0592831, 0.0558965, 0.0639666, 0.066213, 0.0549178, 0.0462457
0.999879,0.00365857, 0.0131549, 0.00748036, -0.00308554,-0.195624,-0.0237332, 0.0592638, 0.0558892, 0.0639467, 0.0661898, 0.0549074, 0.0460435
0.999879,0.00365112, 0.0131531, 0.00748835, -0.00307352,-0.195638,-0.023862, 0.0592557, 0.0558839, 0.0639385, 0.0661675, 0.0548959, 0.0458027
0.999879,0.00364442, 0.0131545, 0.00750103, -0.00311467,-0.195644,-0.0240434, 0.0592485, 0.0558787, 0.0639336, 0.0661239, 0.0548823, 0.0455328
0.999879,0.00361683, 0.01316, 0.00751778, -0.00314532,-0.195652,-0.0241055, 0.0592046, 0.0558701, 0.063892, 0.0660386, 0.0548654, 0.0451868
0.999878,0.00357109, 0.0131605, 0.0075536, -0.00311528,-0.195649,-0.024061, 0.0590482, 0.0558573, 0.0637241, 0.0658632, 0.0548461, 0.0447197
0.999879,0.00350927, 0.0131558, 0.0075865, -0.0030331,-0.195642,-0.0239287, 0.05882, 0.0558426, 0.0634791, 0.065614, 0.0548251, 0.0442015
0.999879,0.00341544, 0.0131478, 0.00760463, -0.00292096,-0.195642,-0.0237612, 0.0585586, 0.0558288, 0.0631943, 0.0653658, 0.0548034, 0.0437278
0.999879,0.00333834, 0.0131326, 0.00760699, -0.00276374,-0.195652,-0.0235264, 0.0583321, 0.0558173, 0.0629467, 0.0652046, 0.0547843, 0.0433889
0.999879,0.0032807, 0.0131194, 0.00762753, -0.00263728,-0.195653,-0.0234259, 0.0580939, 0.0558092, 0.0626738, 0.0651176, 0.0547699, 0.043177
0.99988,0.00320598, 0.0131111, 0.00765277, -0.00264231,-0.195659,-0.0233133, 0.0578406, 0.0558033, 0.0623711, 0.0650592, 0.0547589, 0.0430645
0.99988,0.00313735, 0.0131054, 0.00767487, -0.00266511,-0.195655,-0.0232632, 0.0576402, 0.0557993, 0.0621251, 0.0649955, 0.0547507, 0.0430294
0.99988,0.0030822, 0.0131018, 0.00771016, -0.00273837,-0.195646,-0.0232416, 0.0574621, 0.0557957, 0.0619019, 0.0648799, 0.0547444, 0.0430221
0.999879,0.00302795, 0.0131004, 0.00775999, -0.00286335,-0.19563,-0.023247, 0.0572862, 0.055792, 0.0616817, 0.0646822, 0.0547385, 0.0430001
0.999879,0.00296889, 0.0131079, 0.00780705, -0.00294088,-0.195635,-0.023235, 0.0571006, 0.0557882, 0.0614531, 0.0643895, 0.0547316, 0.0429398
0.999879,0.00293786, 0.0131094, 0.00783059, -0.00311347,-0.195635,-0.0232986, 0.0569709, 0.0557839, 0.0612997, 0.0640689, 0.0547249, 0.042829
0.999879,0.00293702, 0.0131097, 0.00783826, -0.00326029,-0.195633,-0.023418, 0.0569445, 0.0557789, 0.0612764, 0.0638736, 0.0547189, 0.0426271
0.999879,0.00293681, 0.013109, 0.0078435, -0.00332588,-0.195632,-0.0235229, 0.0569273, 0.0557734, 0.0612658, 0.0637704, 0.054713, 0.0423219
0.999879,0.00292918, 0.0131101, 0.00784633, -0.0033397,-0.195635,-0.0235519, 0.0568982, 0.0557687, 0.0612421, 0.0637167, 0.0547053, 0.0420003
0.999879,0.002925, 0.0131132, 0.00786442, -0.00340146,-0.195637,-0.0237176, 0.056863, 0.0557655, 0.0612094, 0.0636667, 0.054695, 0.0417209
0.999879,0.0029273, 0.013108, 0.00787476, -0.00344447,-0.195621,-0.0238404, 0.0568556, 0.0557626, 0.0612055, 0.0636323, 0.0546853, 0.0414366
0.999879,0.00292746, 0.0131028, 0.00788703, -0.0034343,-0.195612,-0.0239717, 0.0568463, 0.055759, 0.0611964, 0.0635814, 0.0546787, 0.0411526
0.999879,0.00289963, 0.0130959, 0.00792054, -0.003386,-0.195602,-0.0240513, 0.0567367, 0.0557541, 0.0610617, 0.0635043, 0.0546725, 0.0407769
0.999878,0.00285927, 0.0130877, 0.0079721, -0.00335524,-0.195589,-0.0240751, 0.0565807, 0.055747, 0.0608695, 0.0633655, 0.054665, 0.0403669
0.999878,0.00281987, 0.0130744, 0.00802379, -0.00324748,-0.195544,-0.0240214, 0.0563818, 0.055741, 0.0606246, 0.0632, 0.0546575, 0.0399827
0.999878,0.00277076, 0.0130707, 0.00806997, -0.00313698,-0.195502,-0.0238637, 0.0561301, 0.0557384, 0.0603145, 0.0630504, 0.0546517, 0.0396593
0.999878,0.00275099, 0.0130706, 0.00809486, -0.00311015,-0.195491,-0.0238035, 0.0559882, 0.0557382, 0.06014, 0.0629793, 0.0546484, 0.0394829
0.999878,0.0027425, 0.0130679, 0.00809603, -0.00317453,-0.195485,-0.0237589, 0.0559528, 0.0557375, 0.0600985, 0.0629082, 0.0546461, 0.0394411
0.999878,0.00274247, 0.0130638, 0.00809606, -0.00317982,-0.195485,-0.02377, 0.0559469, 0.0557348, 0.0600932, 0.06267, 0.0546438, 0.0394285
0.999878,0.00274423, 0.0130603, 0.00810103, -0.0031029,-0.195488,-0.0238078, 0.0559435, 0.0557314, 0.0600886, 0.0621862, 0.0546408, 0.0393531
0.999878,0.00275405, 0.0130586, 0.00810813, -0.00285916,-0.195499,-0.0238526, 0.0559381, 0.055729, 0.0600795, 0.0615448, 0.0546382, 0.0391865
0.999878,0.00276537, 0.0130596, 0.00811296, -0.00260924,-0.195508,-0.0238656, 0.0559339, 0.0557281, 0.0600716, 0.0609352, 0.0546363, 0.0389661
0.999878,0.00277443, 0.0130616, 0.00811479, -0.00243508,-0.195514,-0.0238627, 0.0559273, 0.0557274, 0.0600645, 0.0604656, 0.0546346, 0.0387396
0.999878,0.00276996, 0.0130628, 0.00810988, -0.00249992,-0.195517,-0.0238649, 0.0559108, 0.0557214, 0.0600575, 0.0601744, 0.0546323, 0.0385461
0.999878,0.00277253, 0.0130533, 0.00810365, -0.00249862,-0.195521,-0.0238132, 0.0558789, 0.0557031, 0.0600516, 0.0600159, 0.0546278, 0.0383934
0.999878,0.00278001, 0.0130409, 0.00809825, -0.00243666,-0.195502,-0.0237714, 0.0558283, 0.0556675, 0.0600449, 0.0599441, 0.054618, 0.0382831
0.999878,0.00279456, 0.013027, 0.00809337, -0.00238495,-0.195439,-0.0237437, 0.0557653, 0.0556175, 0.0600355, 0.0599084, 0.0545986, 0.0381999
0.999879,0.00279656, 0.0130184, 0.00808433, -0.00239259,-0.195401,-0.0237269, 0.0557015, 0.0555639, 0.0600228, 0.0598891, 0.0545691, 0.0381396
0.999879,0.00279428, 0.0130126, 0.00808131, -0.0024091,-0.195372,-0.0237221, 0.05565, 0.0555235, 0.0600124, 0.0598732, 0.0545393, 0.0380963
0.999879,0.00279404, 0.0130107, 0.00807072, -0.00239579,-0.195401,-0.0237086, 0.0556129, 0.0554996, 0.0600021, 0.0598576, 0.0545184, 0.0380646
0.999879,0.0027877, 0.0130116, 0.00806972, -0.00236985,-0.195415,-0.023706, 0.0555956, 0.0554899, 0.0599961, 0.0598353, 0.0545071, 0.0380453
0.999879,0.00278926, 0.0130137, 0.00806941, -0.00235167,-0.195419,-0.0237064, 0.0555881, 0.0554882, 0.0599891, 0.0598058, 0.0545039, 0.0380329
0.999879,0.00278821, 0.0130122, 0.00806685, -0.00232846,-0.195415,-0.0237048, 0.0555796, 0.0554808, 0.0599856, 0.0597595, 0.0545031, 0.0380259
0.999879,0.00278751, 0.0130005, 0.00805489, -0.00230131,-0.19541,-0.0236968, 0.0555441, 0.0554472, 0.0599847, 0.0596883, 0.0545012, 0.0380217
0.99988,0.00279065, 0.0129764, 0.00802673, -0.00221449,-0.195409,-0.0236649, 0.0554574, 0.0553719, 0.0599799, 0.0595602, 0.0544954, 0.0380143
0.99988,0.00279466, 0.0129445, 0.00798466, -0.00215723,-0.195423,-0.0236278, 0.0553145, 0.0552552, 0.0599654, 0.0593701, 0.0544837, 0.0379966
0.999882,0.00280272, 0.0128801, 0.00794302, -0.00215289,-0.195452,-0.0235774, 0.0551383, 0.0551099, 0.0599532, 0.0591644, 0.0544676, 0.0379719
0.999883,0.00281236, 0.0128222, 0.00789168, -0.00216696,-0.195494,-0.0235405, 0.0549559, 0.0549549, 0.0599486, 0.0589979, 0.0544505, 0.0379498
0.999883,0.00281951, 0.0127827, 0.0078564, -0.00213999,-0.195531,-0.0235151, 0.0547906, 0.0548106, 0.0599459, 0.0588943, 0.0544346, 0.037935
0.999884,0.00282725, 0.0127466, 0.00782981, -0.00210468,-0.195572,-0.0234949, 0.0546575, 0.0546927, 0.0599423, 0.0588348, 0.05442, 0.0379242
0.999885,0.00283217, 0.0127226, 0.00781548, -0.00210213,-0.195595,-0.0234864, 0.0545666, 0.0546129, 0.0599398, 0.058803, 0.0544089, 0.0379165
0.999885,0.00283447, 0.0127018, 0.00780434, -0.00213515,-0.195605,-0.0234915, 0.0545167, 0.0545691, 0.0599349, 0.0587935, 0.0544033, 0.0379134
0.999885,0.0028292, 0.0127019, 0.00779668, -0.00213686,-0.195612,-0.0234973, 0.0544965, 0.0545519, 0.0599281, 0.0587926, 0.0544012, 0.0379126
0.999885,0.00282802, 0.0127051, 0.00779626, -0.00213901,-0.195609,-0.0234979, 0.0544937, 0.0545487, 0.0599258, 0.0587913, 0.0544006, 0.0379117
0.999885,0.00282831, 0.0127041, 0.00779481, -0.00214178,-0.195614,-0.0235019, 0.0544932, 0.0545479, 0.0599254, 0.0587888, 0.0543991, 0.037911
0.999885,0.00282802, 0.0126968, 0.00779198, -0.00214448,-0.195624,-0.0235023, 0.0544823, 0.05454, 0.0599221, 0.0587822, 0.0543937, 0.0379108
0.999885,0.00282865, 0.0126815, 0.0077837, -0.00215331,-0.195641,-0.0235015, 0.0544546, 0.0545167, 0.0599193, 0.0587711, 0.0543832, 0.0379104
0.999886,0.0028302, 0.0126606, 0.00776964, -0.00216128,-0.195657,-0.0235012, 0.0544027, 0.0544707, 0.0599178, 0.0587575, 0.0543715, 0.0379099
0.999886,0.00282865, 0.0126313, 0.00775248, -0.0021737,-0.195673,-0.0235035, 0.0543207, 0.0543962, 0.0599141, 0.0587377, 0.0543606, 0.037909
0.999887,0.00283077, 0.0125818, 0.00771874, -0.00221285,-0.195701,-0.0235202, 0.0542117, 0.0542918, 0.0599111, 0.0587202, 0.0543485, 0.0379056
0.999888,0.00283407, 0.0125312, 0.00768345, -0.00226509,-0.195724,-0.0235479, 0.0540739, 0.0541619, 0.0599035, 0.0587032, 0.0543348, 0.0378969
0.999889,0.00283976, 0.0124651, 0.00765285, -0.00232811,-0.195738,-0.0235861, 0.053909, 0.0540054, 0.0598938, 0.0586792, 0.0543193, 0.0378829
0.99989,0.0028444, 0.0124124, 0.00762083, -0.00236271,-0.195757,-0.0236125, 0.0537257, 0.0538277, 0.05989, 0.0586541, 0.0543029, 0.0378699
0.999891,0.0028459, 0.0123623, 0.00756855, -0.00237338,-0.195784,-0.0236382, 0.0535321, 0.0536403, 0.0598854, 0.0586269, 0.0542861, 0.0378574
0.999892,0.00284866, 0.0123173, 0.00752687, -0.00242043,-0.195809,-0.02366, 0.0533517, 0.0534666, 0.059883, 0.0586, 0.0542697, 0.0378491
0.999892,0.00284943, 0.0122791, 0.00750095, -0.00245794,-0.195826,-0.0236749, 0.0531971, 0.053319, 0.0598789, 0.0585751, 0.0542544, 0.0378435
0.999893,0.00284772, 0.0122577, 0.00747075, -0.00248715,-0.195848,-0.023683, 0.0530825, 0.0532098, 0.0598737, 0.0585543, 0.0542403, 0.0378403
0.999893,0.00284631, 0.0122442, 0.00745294, -0.00252512,-0.195831,-0.0236832, 0.0530129, 0.0531436, 0.0598701, 0.0585388, 0.0542287, 0.037839
0.999893,0.00284822, 0.0122411, 0.0074427, -0.00252547,-0.195835,-0.0236805, 0.0529767, 0.0531144, 0.0598647, 0.0585254, 0.0542227, 0.0378384
0.999893,0.00284833, 0.012243, 0.00743788, -0.00253189,-0.195841,-0.0236825, 0.0529687, 0.0531084, 0.0598636, 0.0585156, 0.0542207, 0.0378365
0.999893,0.0028478, 0.0122415, 0.00743932, -0.00252245,-0.195842,-0.0236877, 0.0529675, 0.0531075, 0.0598626, 0.0585092, 0.05422, 0.0378331
0.999893,0.00284521, 0.0122366, 0.00744021, -0.00252595,-0.195839,-0.0236951, 0.0529559, 0.053096, 0.0598587, 0.0585018, 0.0542174, 0.0378272
0.999894,0.00284293, 0.0122292, 0.00743382, -0.00256347,-0.195807,-0.0237061, 0.0529219, 0.0530608, 0.0598574, 0.058496, 0.0542119, 0.0378218
0.999894,0.00284291, 0.0122093, 0.00742013, -0.002585,-0.195796,-0.0237163, 0.0528475, 0.0529858, 0.0598563, 0.0584887, 0.0542046, 0.0378174
0.999895,0.00284312, 0.0121659, 0.00739705, -0.0026189,-0.195791,-0.0237337, 0.0527192, 0.0528588, 0.0598545, 0.058478, 0.0541963, 0.0378122
0.999896,0.00284466, 0.0121032, 0.00735589, -0.0026599,-0.195808,-0.0237555, 0.0525278, 0.052671, 0.0598522, 0.0584651, 0.054187, 0.0378065
0.999897,0.00284788, 0.0120175, 0.00730204, -0.00271441,-0.195844,-0.0237779, 0.0522828, 0.0524355, 0.0598474, 0.058447, 0.0541742, 0.0378015
0.999899,0.00285192, 0.0119237, 0.00724351, -0.00276744,-0.195888,-0.0237958, 0.0520119, 0.0521807, 0.0598409, 0.0584232, 0.0541581, 0.0377963
0.9999,0.00285796, 0.0118563, 0.00716541, -0.00280374,-0.195938,-0.0238133, 0.0517432, 0.0519359, 0.0598311, 0.0583928, 0.054141, 0.0377898
0.999901,0.00286476, 0.0117967, 0.00710259, -0.00284914,-0.195978,-0.0238281, 0.0515067, 0.051726, 0.0598213, 0.058361, 0.0541247, 0.0377824
0.999902,0.00287344, 0.0117335, 0.00707068, -0.00286615,-0.196007,-0.0238339, 0.0513268, 0.0515665, 0.0598173, 0.0583429, 0.0541118, 0.0377771
0.999903,0.00288151, 0.0116916, 0.00705434, -0.0028611,-0.196025,-0.0238376, 0.0512048, 0.0514596, 0.0598145, 0.0583346, 0.0541037, 0.0377733
0.999903,0.00288434, 0.0116732, 0.00705501, -0.00285891,-0.196029,-0.0238413, 0.051136, 0.0513985, 0.0598114, 0.058334, 0.0541003, 0.0377694
0.999903,0.00288532, 0.0116674, 0.00705258, -0.00285165,-0.196023,-0.0238445, 0.051108, 0.0513717, 0.0598074, 0.0583324, 0.0540985, 0.0377642
0.999903,0.00288328, 0.0116693, 0.00705348, -0.0028439,-0.196011,-0.0238411, 0.0511042, 0.051367, 0.059806, 0.0583296, 0.0540962, 0.0377606
0.999903,0.00288616, 0.0116707, 0.00705383, -0.00282101,-0.196009,-0.0238374, 0.0510996, 0.0513651, 0.059802, 0.0583212, 0.054094, 0.037758
0.999903,0.00288738, 0.0116653, 0.00704314, -0.00281788,-0.196022,-0.0238326, 0.0510736, 0.0513518, 0.0597891, 0.0582998, 0.0540889, 0.0377529
0.999903,0.00289127, 0.0116461, 0.00703155, -0.00283886,-0.196038,-0.0238288, 0.0510336, 0.0513207, 0.0597874, 0.058285, 0.0540802, 0.0377503
0.999904,0.00289513, 0.0116238, 0.00701761, -0.0028476,-0.196058,-0.0238315, 0.0509713, 0.0512677, 0.0597859, 0.0582762, 0.0540685, 0.0377489
0.999904,0.00289788, 0.0116, 0.00700483, -0.00286586,-0.196078,-0.0238408, 0.0508839, 0.0511885, 0.0597836, 0.0582665, 0.0540545, 0.0377452
0.999905,0.0029011, 0.0115573, 0.00698579, -0.00290696,-0.196104,-0.0238648, 0.0507712, 0.0510823, 0.0597792, 0.0582512, 0.0540394, 0.0377363
0.999905,0.00290231, 0.0115163, 0.00696123, -0.00294807,-0.196129,-0.0238915, 0.050637, 0.0509514, 0.059776, 0.0582298, 0.0540235, 0.0377236
0.999906,0.00290487, 0.0114794, 0.00694445, -0.00299591,-0.196143,-0.0239145, 0.0504834, 0.0507984, 0.0597732, 0.0582014, 0.0540065, 0.0377095
0.999906,0.00290599, 0.0114353, 0.00693121, -0.00303937,-0.196149,-0.0239423, 0.050302, 0.0506182, 0.0597576, 0.0581509, 0.0539883, 0.037687
0.999907,0.00290492, 0.0113974, 0.00688571, -0.0029956,-0.196176,-0.0239653, 0.050111, 0.0504202, 0.0597464, 0.0580843, 0.0539696, 0.0376616
0.999908,0.00290829, 0.0113218, 0.00683822, -0.00292719,-0.196199,-0.0239994, 0.0499336, 0.0502317, 0.0597404, 0.0580165, 0.0539518, 0.037641
0.999909,0.00290223, 0.0112444, 0.00679652, -0.0029827,-0.19622,-0.0240428, 0.0497866, 0.050075, 0.0597332, 0.0579521, 0.0539367, 0.0376257
0.99991,0.00289879, 0.0112067, 0.00675956, -0.00303689,-0.196244,-0.0240571, 0.0496756, 0.0499606, 0.0597282, 0.0579121, 0.0539227, 0.0376228
0.999911,0.00290346, 0.0111873, 0.0067198, -0.00315865,-0.196292,-0.0240608, 0.0495879, 0.049892, 0.0596976, 0.0578659, 0.0539098, 0.0376184
0.999911,0.0028954, 0.0111809, 0.00670437, -0.00306285,-0.196304,-0.0240492, 0.0495316, 0.049864, 0.0596549, 0.0577895, 0.0538997, 0.0376001
0.999911,0.00289781, 0.011173, 0.00670182, -0.00286157,-0.19631,-0.0240406, 0.0495084, 0.0498562, 0.0596317, 0.0577134, 0.0538941, 0.0375766
0.999911,0.00289458, 0.0111709, 0.00670302, -0.00282945,-0.196314,-0.0240426, 0.0495005, 0.049854, 0.0596184, 0.0576585, 0.0538914, 0.037557
0.999911,0.00289438, 0.0111628, 0.00670779, -0.00272336,-0.196337,-0.0240303, 0.0494903, 0.0498462, 0.0596042, 0.0576177, 0.0538888, 0.037542
0.999911,0.00289134, 0.0111534, 0.0067059, -0.00264288,-0.196366,-0.0240214, 0.049466, 0.0498236, 0.0595869, 0.0575812, 0.0538849, 0.0375303
0.999911,0.00289048, 0.0111473, 0.00669178, -0.00265509,-0.196371,-0.0240243, 0.0494239, 0.049777, 0.0595856, 0.0575649, 0.0538812, 0.0375276
0.999912,0.00289103, 0.0111243, 0.00666883, -0.00268346,-0.196376,-0.0240305, 0.0493346, 0.0496872, 0.0595845, 0.0575514, 0.0538761, 0.0375257
0.999912,0.00289428, 0.0110862, 0.0066283, -0.00271767,-0.196392,-0.0240352, 0.0491795, 0.0495398, 0.0595813, 0.0575301, 0.0538647, 0.0375183
0.999913,0.00289792, 0.011018, 0.00657584, -0.00274911,-0.196422,-0.0240253, 0.0489571, 0.0493406, 0.059572, 0.0574914, 0.053846, 0.0375041
0.999915,0.00290559, 0.0109382, 0.00651896, -0.00278526,-0.196457,-0.0240092, 0.048694, 0.0491079, 0.0595632, 0.0574425, 0.0538219, 0.0374873
0.999916,0.00291142, 0.0108607, 0.00646945, -0.00281483,-0.196489,-0.023993, 0.0484245, 0.0488691, 0.0595572, 0.0573982, 0.0537954, 0.0374718
0.999917,0.00292182, 0.0107993, 0.0064169, -0.00284053,-0.19652,-0.0239842, 0.0481785, 0.0486549, 0.0595476, 0.0573629, 0.0537703, 0.0374578
0.999917,0.00292854, 0.0107578, 0.00639342, -0.00283534,-0.196528,-0.0239721, 0.0479829, 0.0484834, 0.0595432, 0.057345, 0.0537505, 0.0374488
0.999918,0.00293123, 0.010716, 0.00636541, -0.00285598,-0.196543,-0.0239761, 0.0478407, 0.0483555, 0.0595416, 0.057338, 0.0537383, 0.0374449
0.999918,0.00293278, 0.0106951, 0.00636353, -0.00286636,-0.196546,-0.02398, 0.0477534, 0.0482751, 0.0595394, 0.0573275, 0.0537328, 0.0374417
0.999918,0.00293442, 0.0106787, 0.00635585, -0.00281123,-0.19656,-0.0239834, 0.0477149, 0.0482381, 0.0595387, 0.0573152, 0.053731, 0.0374393
0.999919,0.00293432, 0.0106749, 0.00635525, -0.00277947,-0.19657,-0.0239823, 0.0477069, 0.0482297, 0.0595368, 0.0573052, 0.0537299, 0.0374386
0.999919,0.00293462, 0.0106713, 0.00635598, -0.00275568,-0.196586,-0.0239808, 0.0477047, 0.0482285, 0.0595327, 0.0572984, 0.0537269, 0.0374384
0.999919,0.0029334, 0.0106573, 0.00635028, -0.00276667,-0.196597,-0.0239877, 0.0476828, 0.0482115, 0.0595242, 0.0572907, 0.05372, 0.0374371
0.999919,0.00293567, 0.0106314, 0.00633736, -0.00279372,-0.196614,-0.0239998, 0.047625, 0.0481595, 0.0595172, 0.0572759, 0.0537078, 0.0374342
0.99992,0.00293953, 0.0106051, 0.00631372, -0.00282483,-0.196635,-0.0240087, 0.0475276, 0.0480673, 0.0595151, 0.0572544, 0.0536906, 0.037432
0.99992,0.00294244, 0.0105719, 0.00628924, -0.002862,-0.196655,-0.0240167, 0.047398, 0.0479443, 0.0595133, 0.0572266, 0.0536704, 0.0374302
0.99992,0.00294455, 0.0105476, 0.00625767, -0.00290011,-0.196679,-0.0240235, 0.0472465, 0.0477994, 0.0595119, 0.0571934, 0.053649, 0.0374275
0.999921,0.00294201, 0.0104923, 0.0062121, -0.00295766,-0.196709,-0.0240425, 0.0470751, 0.0476344, 0.0595079, 0.0571556, 0.0536277, 0.0374227
0.999922,0.0029383, 0.0104367, 0.00618274, -0.00300975,-0.196728,-0.0240608, 0.0468997, 0.0474676, 0.059496, 0.0571091, 0.0536089, 0.0374171
0.999923,0.002932, 0.010404, 0.00616246, -0.0030712,-0.196736,-0.0240722, 0.0467453, 0.0473199, 0.0594809, 0.057056, 0.0535897, 0.0374128
0.999923,0.00293546, 0.0103975, 0.00612499, -0.00308677,-0.196768,-0.0240758, 0.0466349, 0.0472158, 0.0594766, 0.0570242, 0.053572, 0.0374124
0.999923,0.0029319, 0.0104034, 0.0061059, -0.00308237,-0.196791,-0.0240818, 0.0465708, 0.0471621, 0.0594711, 0.057009, 0.0535612, 0.0374103
0.999923,0.00292761, 0.010406, 0.00609548, -0.00309178,-0.196804,-0.0240912, 0.0465433, 0.0471445, 0.0594618, 0.0570003, 0.0535562, 0.0374025
0.999923,0.00292461, 0.0104057, 0.00609169, -0.00310662,-0.196799,-0.0240997, 0.046538, 0.0471426, 0.0594568, 0.0569954, 0.0535543, 0.0373917
0.999923,0.00292319, 0.0104048, 0.00608796, -0.00310403,-0.19679,-0.0240953, 0.0465359, 0.0471397, 0.0594566, 0.0569945, 0.0535533, 0.0373849
0.999923,0.00292129, 0.0104005, 0.0060831, -0.00308853,-0.196789,-0.0240975, 0.0465217, 0.0471272, 0.0594532, 0.0569875, 0.0535515, 0.037383
0.999923,0.00291924, 0.0103975, 0.00607655, -0.00305515,-0.196791,-0.0240961, 0.0464919, 0.0471073, 0.0594445, 0.056962, 0.0535476, 0.0373823
0.999923,0.00291898, 0.0103889, 0.00607208, -0.00298758,-0.196793,-0.024091, 0.0464554, 0.0470902, 0.0594363, 0.0569133, 0.0535444, 0.0373807
0.999923,0.00293014, 0.0103748, 0.00607568, -0.00290768,-0.196806,-0.0240905, 0.046415, 0.0470807, 0.0594278, 0.0568554, 0.0535397, 0.0373794
0.999924,0.00292459, 0.0103713, 0.00606071, -0.00285527,-0.196838,-0.0241027, 0.0463642, 0.0470762, 0.0594029, 0.0567791, 0.0535222, 0.0373751
0.999924,0.00292717, 0.0103698, 0.00605584, -0.0028233,-0.196858,-0.0241088, 0.0463159, 0.0470734, 0.0593804, 0.0566882, 0.053492, 0.0373688
0.999924,0.00292835, 0.0103669, 0.00603932, -0.00277541,-0.196894,-0.0241173, 0.0462729, 0.0470711, 0.0593599, 0.0566029, 0.0534621, 0.0373622
0.999924,0.00292853, 0.0103641, 0.00601724, -0.00274399,-0.196929,-0.024124, 0.0462416, 0.0470692, 0.0593516, 0.0565404, 0.0534419, 0.0373595
0.999924,0.00292983, 0.0103645, 0.00602358, -0.00274908,-0.196919,-0.0241226, 0.0462181, 0.0470672, 0.0593473, 0.0565013, 0.0534317, 0.0373588
0.999924,0.0029297, 0.0103641, 0.00602579, -0.00274463,-0.196919,-0.0241227, 0.0461992, 0.047064, 0.0593409, 0.0564811, 0.053429, 0.0373585
0.999924,0.00292541, 0.0103707, 0.00603228, -0.00276668,-0.19692,-0.0241201, 0.0461813, 0.0470549, 0.0593259, 0.0564688, 0.0534287, 0.0373568
0.999924,0.00292349, 0.0103719, 0.00603863, -0.00275642,-0.196913,-0.024115, 0.0461699, 0.0470373, 0.0593236, 0.0564619, 0.0534255, 0.037355
0.999924,0.00292415, 0.010375, 0.00604685, -0.00273771,-0.196903,-0.024114, 0.0461558, 0.047014, 0.059321, 0.0564351, 0.0534214, 0.0373533
0.999924,0.00292699, 0.0103806, 0.00605552, -0.00270969,-0.196905,-0.0241178, 0.0461327, 0.0469897, 0.0593123, 0.0563675, 0.0534161, 0.0373496
0.999923,0.00293843, 0.0103991, 0.00603072, -0.00263125,-0.196938,-0.024135, 0.0460939, 0.0469662, 0.0592997, 0.0562571, 0.0534028, 0.0373438
0.999923,0.00293972, 0.010401, 0.00601609, -0.00262427,-0.196945,-0.024139, 0.0460376, 0.0469439, 0.0592873, 0.0561206, 0.0533779, 0.0373388
0.999923,0.00294547, 0.010409, 0.00599856, -0.00260671,-0.196963,-0.0241447, 0.0459657, 0.0469238, 0.0592769, 0.0559774, 0.0533411, 0.0373362
0.999923,0.00294558, 0.0104065, 0.00601512, -0.0025975,-0.196955,-0.0241412, 0.0458863, 0.0469056, 0.0592678, 0.0558448, 0.0532932, 0.037334
0.999923,0.00294384, 0.0104059, 0.00601355, -0.00260824,-0.19695,-0.0241413, 0.0458095, 0.0468921, 0.0592597, 0.055737, 0.0532408, 0.0373307
0.999923,0.00294395, 0.0104054, 0.00603558, -0.00259422,-0.196931,-0.0241383, 0.0457434, 0.0468837, 0.0592541, 0.0556584, 0.0531945, 0.0373268
0.999923,0.00294252, 0.0104056, 0.0060373, -0.0026081,-0.196925,-0.0241415, 0.0456945, 0.0468799, 0.0592494, 0.0556113, 0.0531623, 0.0373236
0.999923,0.00294286, 0.0104094, 0.00600852, -0.00263172,-0.196965,-0.0241529, 0.0456648, 0.046878, 0.0592452, 0.0555889, 0.0531422, 0.037321
0.999923,0.00294502, 0.0104105, 0.00600114, -0.00263824,-0.19698,-0.0241553, 0.0456516, 0.0468768, 0.0592419, 0.0555802, 0.0531301, 0.0373188
0.999923,0.00294298, 0.0104125, 0.00599587, -0.00264665,-0.196999,-0.024158, 0.0456461, 0.0468761, 0.0592347, 0.0555787, 0.0531238, 0.0373167
0.999923,0.00294594, 0.0104135, 0.00599618, -0.00264087,-0.196993,-0.0241567, 0.0456452, 0.0468758, 0.0592322, 0.0555764, 0.0531221, 0.0373156
0.999923,0.00294512, 0.0104134, 0.00599872, -0.00264129,-0.196991,-0.0241561, 0.0456415, 0.0468749, 0.0592315, 0.055566, 0.0531212, 0.0373153
0.999923,0.00294505, 0.0104144, 0.00599112, -0.00263054,-0.196996,-0.0241567, 0.0456285, 0.0468728, 0.059228, 0.0555439, 0.0531176, 0.0373147
0.999924,0.00294743, 0.010418, 0.00597326, -0.00261161,-0.197007,-0.0241591, 0.0456027, 0.0468687, 0.0592241, 0.0555059, 0.0531136, 0.0373138
0.999924,0.00295172, 0.0104211, 0.00594182, -0.00260144,-0.197028,-0.0241655, 0.04556, 0.0468626, 0.0592208, 0.0554511, 0.0531083, 0.0373125
0.999924,0.00295428, 0.0104252, 0.00592241, -0.00258448,-0.197048,-0.0241691, 0.0454988, 0.046853, 0.059217, 0.0553812, 0.0530951, 0.0373101
0.999924,0.00295788, 0.0104265, 0.00592265, -0.00257663,-0.197048,-0.0241689, 0.0454215, 0.0468401, 0.0592124, 0.0553012, 0.0530705, 0.037306
0.999924,0.00295605, 0.0104265, 0.00591649, -0.00258449,-0.197054,-0.0241658, 0.0453299, 0.0468264, 0.0592065, 0.0552155, 0.0530429, 0.0373013
0.999924,0.0029521, 0.0104258, 0.00590343, -0.00259609,-0.197063,-0.024159, 0.0452274, 0.0468117, 0.0592003, 0.0551289, 0.0530184, 0.0372969
0.999924,0.0029536, 0.0104291, 0.00586513, -0.002579,-0.197101,-0.024167, 0.0451173, 0.0467953, 0.0591946, 0.0550477, 0.0529955, 0.0372932
0.999924,0.00295663, 0.0104355, 0.00580705, -0.00256745,-0.197158,-0.0241814, 0.0450136, 0.0467791, 0.0591926, 0.0549845, 0.0529744, 0.0372899
0.999924,0.00295861, 0.01044, 0.00577932, -0.00256718,-0.197185,-0.0241891, 0.0449252, 0.0467652, 0.0591896, 0.0549365, 0.0529569, 0.0372853
0.999925,0.00295904, 0.0104448, 0.00574915, -0.00256792,-0.197217,-0.024199, 0.0448595, 0.0467558, 0.0591872, 0.0548989, 0.0529433, 0.0372796
0.999925,0.00295883, 0.010447, 0.00573424, -0.00257383,-0.197233,-0.0242038, 0.0448189, 0.0467512, 0.0591863, 0.0548719, 0.052935, 0.0372752
0.999925,0.00295676, 0.0104467, 0.00575301, -0.00253828,-0.197225,-0.0241945, 0.044798, 0.0467503, 0.0591844, 0.0548492, 0.0529327, 0.0372708
0.999924,0.00295695, 0.010447, 0.00575987, -0.0025214,-0.197227,-0.0241877, 0.0447904, 0.04675, 0.0591841, 0.0548349, 0.0529326, 0.0372679
0.999924,0.00295473, 0.0104468, 0.0057667, -0.00251685,-0.197231,-0.0241796, 0.0447868, 0.0467474, 0.0591835, 0.0548287, 0.0529312, 0.037266
0.999924,0.00294462, 0.0104462, 0.00577571, -0.00251243,-0.197223,-0.0241755, 0.0447759, 0.0467425, 0.0591702, 0.0548276, 0.0529293, 0.0372629
0.999924,0.00294389, 0.0104479, 0.00577738, -0.00251705,-0.197225,-0.024171, 0.0447594, 0.0467376, 0.0591601, 0.0548227, 0.0529279, 0.037257
0.999924,0.0029456, 0.0104511, 0.00577132, -0.00252159,-0.197235,-0.0241669, 0.044734, 0.0467329, 0.0591589, 0.0548184, 0.0529238, 0.0372518
0.999924,0.00294502, 0.0104527, 0.00576535, -0.00252603,-0.197245,-0.0241645, 0.044692, 0.0467266, 0.0591572, 0.0548132, 0.0529126, 0.0372469
0.999925,0.00294599, 0.0104538, 0.00574387, -0.00253401,-0.197271,-0.0241667, 0.0446282, 0.04672, 0.0591563, 0.0548041, 0.0528969, 0.0372424
0.999925,0.00294862, 0.0104558, 0.00568802, -0.00251581,-0.197325,-0.0241779, 0.0445423, 0.0467159, 0.0591524, 0.0547912, 0.0528816, 0.0372401
0.999925,0.00295219, 0.0104556, 0.00563447, -0.00249786,-0.197368,-0.0241894, 0.044441, 0.0467133, 0.0591502, 0.054778, 0.0528686, 0.0372383
0.999925,0.00295467, 0.0104549, 0.00559476, -0.00249698,-0.19739,-0.0241989, 0.0443303, 0.0467116, 0.0591494, 0.0547684, 0.0528575, 0.0372364
0.999925,0.00295588, 0.0104557, 0.00556577, -0.00249642,-0.197405,-0.024206, 0.0442181, 0.0467105, 0.0591479, 0.0547612, 0.0528486, 0.0372338
0.999925,0.00295515, 0.0104545, 0.00558463, -0.00249401,-0.197396,-0.024202, 0.0441134, 0.0467096, 0.0591457, 0.0547546, 0.0528424, 0.0372302
0.999925,0.00295456, 0.0104542, 0.00558829, -0.00249149,-0.197393,-0.0242003, 0.0440243, 0.046709, 0.0591449, 0.054748, 0.0528374, 0.0372267
0.999926,0.00295574, 0.0104571, 0.00555042, -0.00249825,-0.197417,-0.0242107, 0.0439563, 0.046708, 0.0591428, 0.0547445, 0.0528294, 0.0372251
0.999926,0.00295212, 0.0104572, 0.0055444, -0.00249295,-0.19742,-0.0242142, 0.0439097, 0.046707, 0.0591383, 0.054742, 0.0528204, 0.0372241
0.999926,0.00295196, 0.0104588, 0.00553268, -0.00248716,-0.197431,-0.0242187, 0.0438833, 0.0467058, 0.0591363, 0.05474, 0.0528132, 0.037223
0.999926,0.00295306, 0.0104571, 0.00553563, -0.00248846,-0.197425,-0.0242192, 0.0438711, 0.0467032, 0.0591349, 0.054739, 0.052808, 0.0372219
0.999926,0.00295318, 0.0104547, 0.00553757, -0.00248475,-0.197418,-0.0242199, 0.0438672, 0.0467011, 0.0591347, 0.0547381, 0.0528065, 0.0372214
0.999926,0.00295385, 0.0104525, 0.00553607, -0.00247573,-0.197418,-0.0242207, 0.0438657, 0.0466994, 0.0591344, 0.0547356, 0.0528059, 0.0372211
0.999926,0.00295346, 0.0104507, 0.00552852, -0.00246551,-0.197416,-0.0242243, 0.0438612, 0.0466978, 0.0591318, 0.0547328, 0.0528046, 0.0372207
0.999926,0.00295203, 0.0104507, 0.00553312, -0.00246285,-0.197414,-0.0242246, 0.0438459, 0.0466966, 0.0591293, 0.0547291, 0.0528043, 0.0372196
0.999926,0.00295061, 0.0104516, 0.00552574, -0.00246826,-0.197419,-0.0242269, 0.0438098, 0.0466952, 0.0591262, 0.0547202, 0.0527992, 0.037217
0.999926,0.00295151, 0.0104531, 0.00550767, -0.00246275,-0.197434,-0.0242282, 0.0437502, 0.046693, 0.0591254, 0.0547057, 0.052785, 0.0372138
0.999926,0.00295215, 0.0104568, 0.00545898, -0.00247059,-0.197485,-0.0242374, 0.0436669, 0.0466917, 0.0591249, 0.0546881, 0.0527645, 0.0372107
0.999926,0.00295393, 0.0104615, 0.00540289, -0.0024634,-0.197544,-0.0242469, 0.0435607, 0.0466896, 0.0591234, 0.0546669, 0.0527382, 0.0372075
0.999926,0.00295516, 0.0104622, 0.00540473, -0.00246339,-0.197542,-0.0242458, 0.0434386, 0.0466857, 0.0591226, 0.0546422, 0.0527132, 0.0372045
0.999926,0.00295472, 0.0104603, 0.00540586, -0.00247299,-0.19754,-0.0242464, 0.0433091, 0.0466788, 0.0591208, 0.0546147, 0.0526952, 0.037202
0.999926,0.00295112, 0.0104598, 0.00542209, -0.00247666,-0.197529,-0.0242427, 0.0431853, 0.0466697, 0.0591177, 0.054586, 0.0526818, 0.0371999
0.999926,0.00294816, 0.0104616, 0.00542946, -0.00248067,-0.197533,-0.0242427, 0.0430839, 0.0466607, 0.0591155, 0.0545601, 0.0526669, 0.037198
0.999926,0.00294601, 0.010461, 0.00542152, -0.00248724,-0.197541,-0.024247, 0.0430118, 0.0466536, 0.0591086, 0.0545371, 0.0526487, 0.0371961
0.999926,0.00294499, 0.0104586, 0.00541039, -0.00249713,-0.19755,-0.0242522, 0.0429692, 0.0466505, 0.0591038, 0.0545205, 0.0526347, 0.0371945
0.999926,0.00294576, 0.0104587, 0.00539107, -0.00250298,-0.197569,-0.0242591, 0.0429503, 0.0466501, 0.0591027, 0.0545147, 0.052629, 0.0371936
0.999926,0.00294403, 0.0104577, 0.00539833, -0.00249544,-0.197565,-0.0242598, 0.0429423, 0.0466496, 0.0590972, 0.0545103, 0.052628, 0.0371912
0.999926,0.00294379, 0.0104556, 0.00540221, -0.00246381,-0.197569,-0.0242578, 0.0429371, 0.0466469, 0.0590906, 0.0545011, 0.0526277, 0.0371871
0.999926,0.00294424, 0.0104511, 0.00540281, -0.00244131,-0.197573,-0.0242518, 0.0429304, 0.0466413, 0.0590891, 0.0544927, 0.0526251, 0.0371843
0.999927,0.00294575, 0.0104476, 0.00539653, -0.00242936,-0.197579,-0.0242503, 0.0429162, 0.046634, 0.0590888, 0.0544874, 0.0526207, 0.0371833
0.999927,0.00294851, 0.0104465, 0.00538999, -0.00242847,-0.197593,-0.0242496, 0.0428903, 0.0466258, 0.0590843, 0.0544851, 0.0526142, 0.0371816
0.999926,0.00294142, 0.0104392, 0.00542879, -0.00239425,-0.19753,-0.0242377, 0.0428533, 0.0466149, 0.0590735, 0.0544788, 0.0525976, 0.0371738
0.999926,0.00293804, 0.0104326, 0.00546522, -0.00236183,-0.197475,-0.024223, 0.0428036, 0.0466062, 0.0590669, 0.0544694, 0.0525751, 0.0371625
0.999926,0.00293659, 0.0104269, 0.00550086, -0.00234506,-0.197437,-0.0242105, 0.0427355, 0.0466001, 0.0590658, 0.0544626, 0.0525582, 0.037155
0.999926,0.00293665, 0.0104252, 0.00551433, -0.00234884,-0.197431,-0.02421, 0.0426444, 0.0465951, 0.0590604, 0.0544581, 0.0525486, 0.0371513
0.999926,0.00293901, 0.0104269, 0.00550439, -0.00234967,-0.197435,-0.0242118, 0.042532, 0.04659, 0.0590522, 0.0544544, 0.0525434, 0.0371475
0.999926,0.00293675, 0.0104307, 0.00546803, -0.00235247,-0.197446,-0.0242232, 0.0424093, 0.0465849, 0.0590451, 0.0544511, 0.0525395, 0.0371425
0.999927,0.0029379, 0.0104385, 0.00537345, -0.00234451,-0.197472,-0.0242433, 0.0422935, 0.0465811, 0.0590406, 0.0544489, 0.0525359, 0.0371383
0.999927,0.00293857, 0.0104428, 0.00532871, -0.00233278,-0.19749,-0.0242507, 0.0421995, 0.0465788, 0.0590372, 0.054447, 0.0525306, 0.0371363
0.999927,0.00293658, 0.0104419, 0.00531808, -0.00232233,-0.197495,-0.0242551, 0.0421331, 0.0465766, 0.0590324, 0.0544441, 0.0525209, 0.0371351
0.999927,0.00293399, 0.0104417, 0.00529434, -0.00229882,-0.197526,-0.0242672, 0.0420922, 0.0465743, 0.0590236, 0.0544395, 0.0525062, 0.0371322
0.999927,0.00293321, 0.0104378, 0.00526698, -0.00226547,-0.197573,-0.0242827, 0.0420712, 0.0465726, 0.0590166, 0.0544349, 0.0524914, 0.0371278
0.999927,0.0029343, 0.0104336, 0.00525772, -0.00224974,-0.197592,-0.0242923, 0.0420633, 0.0465707, 0.0590127, 0.0544319, 0.052481, 0.0371236
0.999927,0.00293406, 0.0104335, 0.00525843, -0.00224355,-0.197578,-0.024299, 0.0420619, 0.0465687, 0.0590117, 0.0544309, 0.0524771, 0.037121
0.999927,0.00293379, 0.010435, 0.00525286, -0.0022267,-0.197575,-0.0243048, 0.0420596, 0.0465671, 0.0590114, 0.054428, 0.0524769, 0.0371199
0.999928,0.00293463, 0.0104381, 0.00523617, -0.00221006,-0.197586,-0.0243097, 0.0420479, 0.0465657, 0.0590111, 0.0544244, 0.0524755, 0.0371192
0.999928,0.0029347, 0.0104397, 0.00521573, -0.00219745,-0.197605,-0.024315, 0.0420166, 0.0465643, 0.0590103, 0.0544207, 0.0524697, 0.0371189
0.999928,0.00293354, 0.0104398, 0.00521758, -0.00219391,-0.197604,-0.0243141, 0.0419615, 0.046563, 0.0590092, 0.0544152, 0.0524553, 0.037118
0.999928,0.0029329, 0.0104392, 0.00522276, -0.00219047,-0.197598,-0.024312, 0.0418848, 0.0465621, 0.0590076, 0.0544072, 0.0524341, 0.0371162
0.999928,0.0029328, 0.0104393, 0.00522144, -0.00218867,-0.197598,-0.0243112, 0.0417924, 0.0465612, 0.0590056, 0.0543973, 0.0524094, 0.0371138
0.999928,0.00293258, 0.0104419, 0.00519546, -0.00218841,-0.197628,-0.0243166, 0.0416937, 0.0465603, 0.0590026, 0.0543866, 0.0523836, 0.0371115
0.999928,0.00293427, 0.0104444, 0.00515642, -0.00219539,-0.197671,-0.0243276, 0.0415989, 0.0465595, 0.0589994, 0.0543751, 0.0523577, 0.0371092
0.999928,0.00293528, 0.0104443, 0.0051413, -0.00220868,-0.197689,-0.0243354, 0.0415187, 0.046558, 0.0589968, 0.0543618, 0.0523325, 0.0371065
0.999928,0.00293655, 0.0104441, 0.00512373, -0.00223784,-0.197708,-0.0243461, 0.0414624, 0.0465561, 0.0589942, 0.0543453, 0.0523137, 0.0371033
0.999928,0.00293616, 0.0104442, 0.00512256, -0.00225618,-0.197712,-0.02435, 0.0414324, 0.0465546, 0.0589922, 0.0543281, 0.0523028, 0.0371008
0.999928,0.00293661, 0.0104435, 0.00511809, -0.00228601,-0.197712,-0.0243562, 0.0414218, 0.0465538, 0.0589912, 0.0543143, 0.0522973, 0.0370994
0.999928,0.00293635, 0.0104435, 0.00511649, -0.00230764,-0.197714,-0.0243596, 0.0414203, 0.0465536, 0.0589907, 0.0543059, 0.0522949, 0.037099
0.999928,0.00293529, 0.0104441, 0.00511802, -0.00231505,-0.197715,-0.0243606, 0.0414196, 0.0465534, 0.0589899, 0.0543026, 0.052294, 0.0370989
0.999928,0.00293468, 0.010444, 0.00511741, -0.00231954,-0.197715,-0.0243608, 0.0414153, 0.0465525, 0.0589884, 0.0543014, 0.0522933, 0.0370983
0.999928,0.00293448, 0.0104399, 0.00510936, -0.00232538,-0.19772,-0.0243641, 0.041406, 0.0465501, 0.0589882, 0.0542997, 0.0522916, 0.0370977
0.999928,0.00293308, 0.0104357, 0.00510293, -0.00232488,-0.197727,-0.0243671, 0.0413904, 0.0465436, 0.0589846, 0.0542952, 0.0522862, 0.0370972
0.999929,0.00292962, 0.010415, 0.00507449, -0.00231293,-0.197779,-0.0243792, 0.0413728, 0.0465302, 0.0589791, 0.054291, 0.0522736, 0.037096
0.999929,0.00293288, 0.0103991, 0.00506488, -0.00232062,-0.197805,-0.0243825, 0.0413546, 0.0465086, 0.0589741, 0.0542892, 0.0522551, 0.0370937
0.999929,0.00293509, 0.0103845, 0.00506041, -0.00233378,-0.197809,-0.0243878, 0.0413347, 0.0464849, 0.0589721, 0.0542848, 0.0522395, 0.0370913
0.999929,0.00293514, 0.0103802, 0.00507075, -0.00231837,-0.197769,-0.0244015, 0.0413103, 0.046464, 0.0589574, 0.0542614, 0.0522264, 0.0370848
0.999929,0.00293945, 0.0103866, 0.00508881, -0.00226663,-0.197741,-0.0244037, 0.0412891, 0.0464518, 0.0589401, 0.0542207, 0.0522164, 0.0370742
0.999929,0.00294027, 0.0103882, 0.00509804, -0.00223271,-0.197719,-0.0244057, 0.0412763, 0.0464465, 0.0589325, 0.0541851, 0.0522072, 0.0370659
0.999929,0.00294145, 0.0103876, 0.00509655, -0.0022383,-0.197714,-0.0244095, 0.0412706, 0.0464454, 0.0589313, 0.0541743, 0.0522007, 0.0370645
0.999929,0.0029418, 0.0103902, 0.00509454, -0.00223928,-0.19771,-0.0244081, 0.0412676, 0.0464431, 0.0589299, 0.0541723, 0.0521977, 0.0370643
0.999929,0.00294122, 0.0103964, 0.00509395, -0.00223024,-0.197709,-0.0244015, 0.0412664, 0.0464336, 0.0589284, 0.0541687, 0.0521966, 0.0370619
0.999929,0.00293917, 0.0103983, 0.0050937, -0.00222677,-0.197709,-0.0243979, 0.0412648, 0.046411, 0.0589241, 0.0541546, 0.0521955, 0.0370555
0.999929,0.0029401, 0.0103856, 0.00509231, -0.0022433,-0.197708,-0.0243963, 0.0412642, 0.0463698, 0.0589226, 0.0541346, 0.0521935, 0.0370484
0.999929,0.00293969, 0.0103713, 0.00509077, -0.00225754,-0.197708,-0.0243995, 0.0412631, 0.0463045, 0.0589208, 0.0541153, 0.0521907, 0.0370431
0.999929,0.00293839, 0.0103257, 0.00508605, -0.00229496,-0.19771,-0.0244121, 0.0412613, 0.0462144, 0.0589172, 0.0540967, 0.0521866, 0.0370393
0.99993,0.00293865, 0.0102882, 0.0050839, -0.00233418,-0.197704,-0.024426, 0.0412595, 0.0461108, 0.0589137, 0.0540746, 0.0521831, 0.0370353
0.99993,0.00294079, 0.0102787, 0.00508528, -0.00235291,-0.197697,-0.0244347, 0.0412566, 0.046014, 0.058907, 0.0540433, 0.0521812, 0.0370299
0.99993,0.00294074, 0.0102879, 0.00508937, -0.00235102,-0.197693,-0.0244409, 0.0412528, 0.0459368, 0.0588987, 0.0540058, 0.0521805, 0.0370237
0.99993,0.00294255, 0.0102827, 0.00508994, -0.00236796,-0.197692,-0.0244484, 0.0412494, 0.045885, 0.0588925, 0.0539722, 0.05218, 0.0370183
0.99993,0.00294159, 0.0102675, 0.00508867, -0.00240427,-0.197694,-0.0244607, 0.0412459, 0.0458582, 0.058887, 0.0539463, 0.0521792, 0.0370145
0.99993,0.00294026, 0.0102612, 0.00508868, -0.00242968,-0.197702,-0.0244697, 0.041243, 0.04585, 0.0588833, 0.0539294, 0.0521777, 0.0370127
0.99993,0.00293919, 0.0102612, 0.00508918, -0.00242862,-0.197706,-0.0244696, 0.0412404, 0.0458492, 0.0588812, 0.0539185, 0.0521746, 0.037012
0.99993,0.00293979, 0.0102611, 0.0050896, -0.00242498,-0.197707,-0.0244687, 0.0412388, 0.0458458, 0.058881, 0.0539113, 0.0521707, 0.0370114
0.99993,0.00293875, 0.010255, 0.00509069, -0.00242394,-0.197709,-0.0244694, 0.0412377, 0.0458333, 0.0588801, 0.0539059, 0.0521681, 0.0370099
0.99993,0.00293958, 0.0102482, 0.00509095, -0.00242632,-0.19771,-0.0244718, 0.0412367, 0.0458103, 0.0588792, 0.0538992, 0.0521665, 0.0370062
0.99993,0.00293921, 0.0102387, 0.00509172, -0.00243909,-0.197714,-0.0244718, 0.0412356, 0.0457757, 0.0588781, 0.0538922, 0.0521651, 0.037002
0.99993,0.0029396, 0.0102382, 0.00509215, -0.00244062,-0.197716,-0.0244705, 0.0412344, 0.0457291, 0.0588764, 0.0538861, 0.0521639, 0.0369982
0.99993,0.00293792, 0.010223, 0.00509134, -0.00245326,-0.197713,-0.0244749, 0.0412335, 0.0456736, 0.0588748, 0.0538781, 0.0521623, 0.0369935
0.999931,0.00293805, 0.0102096, 0.00509092, -0.00246127,-0.197709,-0.0244801, 0.0412327, 0.0456131, 0.058873, 0.0538703, 0.0521606, 0.0369889
0.999931,0.00293768, 0.0101999, 0.00509085, -0.00246982,-0.197708,-0.0244815, 0.0412321, 0.045553, 0.0588709, 0.0538623, 0.0521588, 0.0369842
0.999931,0.00293771, 0.0101773, 0.00509012, -0.00248607,-0.197702,-0.0244891, 0.0412314, 0.0454953, 0.0588682, 0.0538534, 0.0521569, 0.0369792
0.999931,0.00293988, 0.0101583, 0.00508868, -0.00249366,-0.197695,-0.0245002, 0.0412309, 0.0454403, 0.0588662, 0.0538463, 0.0521551, 0.0369754
0.999931,0.00294228, 0.0101229, 0.00508607, -0.00251564,-0.197683,-0.0245135, 0.0412303, 0.0453898, 0.0588634, 0.0538391, 0.0521532, 0.0369719
0.999932,0.00294156, 0.010099, 0.00508468, -0.00254276,-0.197676,-0.0245165, 0.0412291, 0.0453451, 0.0588591, 0.0538296, 0.052151, 0.0369682
0.999932,0.0029422, 0.0100753, 0.00508286, -0.002572,-0.197671,-0.0245207, 0.0412277, 0.0453064, 0.0588556, 0.053819, 0.05215, 0.0369653
0.999932,0.00294257, 0.0100707, 0.00508212, -0.00257845,-0.197671,-0.024522, 0.0412268, 0.0452729, 0.0588534, 0.0538108, 0.0521494, 0.036964
0.999932,0.00294215, 0.0100725, 0.00508236, -0.00257886,-0.19767,-0.0245215, 0.0412261, 0.0452449, 0.0588511, 0.0538051, 0.0521476, 0.0369634
0.999932,0.0029436, 0.0100652, 0.00508132, -0.00258504,-0.197676,-0.0245228, 0.0412255, 0.0452238, 0.0588496, 0.0538014, 0.0521453, 0.0369627
0.999932,0.00294466, 0.0100544, 0.00507987, -0.00258902,-0.197684,-0.0245239, 0.0412248, 0.0452104, 0.0588488, 0.0537997, 0.0521435, 0.0369616
0.999932,0.00294571, 0.0100475, 0.00507912, -0.00259058,-0.197692,-0.0245224, 0.0412239, 0.0452041, 0.0588482, 0.0537987, 0.0521421, 0.0369602
0.999932,0.00294582, 0.010047, 0.00508026, -0.00259169,-0.197693,-0.0245187, 0.0412224, 0.0452018, 0.0588471, 0.0537973, 0.0521397, 0.0369589
0.999932,0.00294521, 0.0100421, 0.00508285, -0.00259354,-0.197681,-0.0245149, 0.0412211, 0.0452, 0.0588463, 0.0537953, 0.0521367, 0.0369576
0.999932,0.00294534, 0.0100379, 0.00508377, -0.0025937,-0.197681,-0.0245117, 0.0412206, 0.0451961, 0.058846, 0.0537932, 0.0521352, 0.0369563
0.999932,0.0029458, 0.0100273, 0.00508415, -0.00260411,-0.197679,-0.0245092, 0.0412201, 0.0451852, 0.0588447, 0.0537892, 0.0521348, 0.0369538
0.999932,0.00294449, 0.0100282, 0.00508699, -0.00260054,-0.197673,-0.0245028, 0.0412192, 0.0451597, 0.0588432, 0.0537835, 0.0521329, 0.0369517
0.999933,0.00294524, 0.0100173, 0.00508574, -0.00261398,-0.19767,-0.0244994, 0.0412164, 0.0451187, 0.0588364, 0.0537631, 0.0521272, 0.0369467
0.999933,0.00294232, 0.0100155, 0.00508694, -0.00261046,-0.197667,-0.0244968, 0.0412154, 0.0450584, 0.0588333, 0.0537426, 0.0521217, 0.036943
0.999933,0.0029427, 0.00996917, 0.00508369, -0.00266646,-0.197678,-0.0245082, 0.0412143, 0.0449778, 0.058828, 0.0537128, 0.0521189, 0.0369388
0.999934,0.00294029, 0.00991532, 0.00508028, -0.00274344,-0.197691,-0.0245235, 0.0412123, 0.0448758, 0.058818, 0.0536651, 0.0521171, 0.0369329
0.999934,0.00294128, 0.00988353, 0.00507909, -0.00279027,-0.197698,-0.0245334, 0.0412113, 0.0447543, 0.0588085, 0.0536109, 0.0521151, 0.0369275
0.999934,0.00294235, 0.00986584, 0.005077, -0.00281016,-0.197698,-0.0245392, 0.0412095, 0.0446225, 0.0587959, 0.0535755, 0.0521128, 0.0369237
0.999934,0.00294557, 0.00988769, 0.00507796, -0.00278384,-0.197692,-0.0245347, 0.0412083, 0.0445042, 0.0587843, 0.0535279, 0.0521103, 0.036919
0.999934,0.00294547, 0.00990767, 0.00507842, -0.00275917,-0.197689,-0.0245287, 0.0412075, 0.044406, 0.0587747, 0.0534813, 0.0521068, 0.0369133
0.999934,0.00294799, 0.00987156, 0.00507747, -0.00284563,-0.197654,-0.0245451, 0.0412051, 0.044338, 0.0587626, 0.0534321, 0.0521012, 0.0369064
0.999934,0.00295245, 0.00984061, 0.00507506, -0.0029081,-0.197637,-0.02456, 0.0412039, 0.0443015, 0.0587563, 0.0533985, 0.0520963, 0.0369013
0.999934,0.00295336, 0.00983711, 0.00507419, -0.00291356,-0.197636,-0.024563, 0.0412026, 0.0442868, 0.058753, 0.0533853, 0.0520931, 0.0368988
0.999934,0.00295461, 0.00984021, 0.00507464, -0.00291207,-0.197631,-0.0245596, 0.0412017, 0.0442839, 0.0587515, 0.053381, 0.0520911, 0.0368974
0.999934,0.00295312, 0.00983687, 0.00507392, -0.00292911,-0.197625,-0.0245556, 0.0411994, 0.044281, 0.0587475, 0.053378, 0.05209, 0.0368938
0.999935,0.00294996, 0.00982448, 0.00507255, -0.00297776,-0.197622,-0.024554, 0.0411934, 0.0442697, 0.0587331, 0.0533577, 0.0520895, 0.036884
0.999934,0.00294715, 0.00982693, 0.00507384, -0.00297963,-0.197624,-0.0245433, 0.0411893, 0.0442438, 0.058724, 0.0533212, 0.0520893, 0.0368723
0.999934,0.00294613, 0.00982834, 0.00507393, -0.0029835,-0.197628,-0.0245354, 0.0411876, 0.0441989, 0.0587212, 0.0532872, 0.0520883, 0.0368652
0.999935,0.00294429, 0.00981515, 0.00507206, -0.00300708,-0.197629,-0.0245366, 0.041186, 0.0441337, 0.0587165, 0.0532626, 0.0520861, 0.0368619
0.999935,0.00294294, 0.00979072, 0.00506973, -0.0030362,-0.197625,-0.0245442, 0.0411845, 0.0440528, 0.0587105, 0.0532433, 0.0520831, 0.0368588
0.999936,0.00294172, 0.0097307, 0.00506474, -0.00309467,-0.197613,-0.0245616, 0.0411831, 0.0439618, 0.0587036, 0.0532264, 0.0520804, 0.0368548
0.999936,0.00294091, 0.00969932, 0.00506206, -0.00312321,-0.197604,-0.0245656, 0.0411824, 0.0438695, 0.0586973, 0.0532058, 0.0520788, 0.0368504
0.999936,0.00293949, 0.0096757, 0.00506005, -0.0031315,-0.197589,-0.0245518, 0.0411819, 0.0437837, 0.0586906, 0.053178, 0.0520775, 0.0368462
0.999936,0.00293932, 0.00967166, 0.00506045, -0.00314612,-0.19759,-0.0245606, 0.0411816, 0.043711, 0.0586832, 0.0531469, 0.0520763, 0.0368422
0.999936,0.00293991, 0.00967339, 0.00506108, -0.00314715,-0.197592,-0.0245627, 0.0411813, 0.0436483, 0.0586773, 0.053116, 0.0520755, 0.0368391
0.999936,0.00293989, 0.00968375, 0.00506178, -0.00313127,-0.197591,-0.0245583, 0.0411809, 0.0435955, 0.0586718, 0.0530882, 0.0520749, 0.0368369
0.999936,0.00293146, 0.00968295, 0.00506066, -0.00312914,-0.197589,-0.0245556, 0.0411802, 0.0435509, 0.0586624, 0.0530697, 0.0520731, 0.0368344
0.999936,0.00292767, 0.00970809, 0.00505965, -0.0030883,-0.197569,-0.0245507, 0.0411798, 0.0435189, 0.0586549, 0.0530526, 0.0520693, 0.0368321
0.999936,0.00292651, 0.00971676, 0.0050585, -0.00306646,-0.197561,-0.0245482, 0.0411788, 0.0435009, 0.0586496, 0.053031, 0.0520662, 0.0368308
0.999936,0.00292751, 0.00972057, 0.00505642, -0.00304759,-0.197557,-0.0245469, 0.0411769, 0.0434937, 0.0586444, 0.0530066, 0.0520644, 0.0368296
0.999936,0.00292861, 0.00971883, 0.00505752, -0.00305668,-0.197562,-0.0245437, 0.0411749, 0.0434925, 0.0586402, 0.0529847, 0.0520633, 0.036828
0.999936,0.00292896, 0.00971839, 0.00505694, -0.00305361,-0.197564,-0.0245452, 0.0411738, 0.0434919, 0.0586395, 0.0529718, 0.0520627, 0.0368271
0.999936,0.002928, 0.00972145, 0.00505646, -0.00305291,-0.197562,-0.0245473, 0.0411726, 0.0434875, 0.0586386, 0.0529634, 0.0520613, 0.0368264
0.999936,0.00292634, 0.00973279, 0.00505656, -0.00304647,-0.197553,-0.0245466, 0.0411711, 0.0434758, 0.0586378, 0.052955, 0.0520582, 0.0368256
0.999935,0.00292494, 0.00974517, 0.00505653, -0.00303123,-0.197544,-0.0245427, 0.0411683, 0.0434542, 0.0586348, 0.0529382, 0.0520521, 0.0368243
0.999936,0.00292116, 0.00974098, 0.00505343, -0.00302212,-0.197537,-0.024541, 0.0411645, 0.0434208, 0.058629, 0.0529056, 0.0520439, 0.0368212
0.999936,0.00291836, 0.00970415, 0.00504861, -0.00305656,-0.197537,-0.0245505, 0.041162, 0.0433699, 0.0586251, 0.0528684, 0.0520366, 0.0368187
0.999936,0.00291398, 0.00965348, 0.00504237, -0.00312326,-0.197537,-0.0245635, 0.0411589, 0.0433015, 0.0586155, 0.0528192, 0.0520329, 0.0368144
0.999937,0.0029141, 0.00960362, 0.00503587, -0.00319987,-0.197534,-0.024576, 0.0411565, 0.0432137, 0.0586051, 0.0527641, 0.0520317, 0.0368098
0.999937,0.0029112, 0.00960015, 0.00503522, -0.00319857,-0.197535,-0.0245749, 0.0411543, 0.0431107, 0.0585931, 0.0527057, 0.0520314, 0.0368054
0.999937,0.00291152, 0.00959062, 0.00503596, -0.00321462,-0.197534,-0.0245784, 0.0411519, 0.0430007, 0.0585794, 0.0526444, 0.0520309, 0.0368008
0.999937,0.00291699, 0.00957185, 0.00503768, -0.00325597,-0.197528,-0.0245875, 0.0411485, 0.042894, 0.058563, 0.0525762, 0.0520285, 0.0367952
0.999937,0.00291657, 0.00955735, 0.00503755, -0.00328506,-0.197519,-0.0245928, 0.041145, 0.0427966, 0.0585486, 0.0525145, 0.0520237, 0.0367902
0.999938,0.00291592, 0.00951628, 0.00504258, -0.00337151,-0.197505,-0.0246053, 0.0411399, 0.0427181, 0.0585324, 0.0524507, 0.0520165, 0.0367861
0.999938,0.00292061, 0.00949362, 0.00504323, -0.00342487,-0.197496,-0.024615, 0.041135, 0.04266, 0.0585213, 0.052401, 0.0520067, 0.036783
0.999938,0.00292199, 0.00949858, 0.00504096, -0.0034238,-0.197478,-0.0246122, 0.0411317, 0.0426267, 0.0585142, 0.0523703, 0.0519997, 0.0367805
0.999938,0.00292256, 0.00949923, 0.00504145, -0.00343633,-0.19747,-0.0246123, 0.0411276, 0.0426167, 0.058505, 0.052342, 0.051997, 0.0367793
0.999938,0.00292223, 0.00950272, 0.00504237, -0.00344531,-0.197468,-0.02461, 0.0411248, 0.0426147, 0.0585022, 0.052327, 0.0519963, 0.0367789
0.999938,0.00292171, 0.00949067, 0.00503222, -0.00344384,-0.197459,-0.0246069, 0.0411219, 0.0426057, 0.0585005, 0.0523246, 0.0519953, 0.0367777
0.999938,0.00291843, 0.00947189, 0.00502497, -0.00346428,-0.197452,-0.0246068, 0.0411174, 0.0425773, 0.058495, 0.052318, 0.0519931, 0.0367731
0.999938,0.00291649, 0.00945267, 0.00502034, -0.00348856,-0.19745,-0.0246097, 0.0411128, 0.0425244, 0.0584887, 0.0523, 0.0519911, 0.0367665
0.999939,0.00291691, 0.00941232, 0.00501189, -0.00354316,-0.197454,-0.0246181, 0.0411082, 0.0424474, 0.0584807, 0.052275, 0.0519889, 0.0367601
0.999939,0.00291958, 0.00938832, 0.00500718, -0.00357807,-0.197463,-0.0246236, 0.0411028, 0.0423509, 0.0584679, 0.0522445, 0.0519849, 0.036754
0.99994,0.00290893, 0.00933986, 0.00499619, -0.0036367,-0.197499,-0.0246391, 0.0410967, 0.042243, 0.0584412, 0.0522125, 0.0519701, 0.0367465
0.99994,0.00291324, 0.00933567, 0.00500042, -0.00363385,-0.197491,-0.0246456, 0.0410886, 0.0421434, 0.0584068, 0.0521737, 0.0519411, 0.0367356
0.99994,0.00290995, 0.00933126, 0.00499819, -0.0036389,-0.19749,-0.0246514, 0.0410799, 0.0420605, 0.058379, 0.0521341, 0.0519059, 0.0367251
0.99994,0.00290945, 0.00934399, 0.00499947, -0.00360775,-0.197461,-0.0246476, 0.0410707, 0.0419979, 0.0583518, 0.0520906, 0.0518705, 0.036716
0.99994,0.00291238, 0.00934324, 0.00500193, -0.00360525,-0.19746,-0.024647, 0.0410609, 0.0419579, 0.0583275, 0.0520364, 0.0518456, 0.0367094
0.99994,0.00291217, 0.00932779, 0.00500513, -0.00364363,-0.197464,-0.0246557, 0.0410518, 0.0419327, 0.0583114, 0.0519772, 0.0518311, 0.0367055
0.99994,0.00290919, 0.00931389, 0.00500577, -0.00369112,-0.197453,-0.0246567, 0.041047, 0.041917, 0.058308, 0.0519442, 0.0518249, 0.0367037
0.99994,0.00290244, 0.00930467, 0.00500622, -0.00372049,-0.197437,-0.0246407, 0.041037, 0.0419033, 0.0583028, 0.0519298, 0.0518179, 0.0366966
0.99994,0.00289203, 0.00929708, 0.00500676, -0.00373616,-0.197414,-0.0245981, 0.0410128, 0.0418869, 0.0582793, 0.0519244, 0.0518042, 0.0366743
0.99994,0.00288587, 0.00929583, 0.00499906, -0.00374211,-0.197417,-0.0245459, 0.0409734, 0.0418688, 0.0582447, 0.0519077, 0.0517883, 0.0366361
0.99994,0.00288832, 0.00929074, 0.00497212, -0.00379126,-0.197462,-0.0245114, 0.0409271, 0.0418486, 0.0582203, 0.0518816, 0.0517724, 0.0365958
0.999941,0.00288521, 0.00927885, 0.00494196, -0.00382154,-0.197503,-0.0244983, 0.0408831, 0.0418246, 0.0582174, 0.0518706, 0.0517556, 0.0365743
0.999941,0.002883, 0.00926027, 0.00490639, -0.00386076,-0.197528,-0.0245085, 0.0408392, 0.0417998, 0.0582086, 0.0518607, 0.0517409, 0.0365613
0.999941,0.00288145, 0.00923862, 0.00487652, -0.00389544,-0.197527,-0.0245228, 0.0408022, 0.0417749, 0.0582004, 0.0518526, 0.05173, 0.0365551
0.999941,0.00287778, 0.00922981, 0.00487052, -0.00390371,-0.197522,-0.0245257, 0.0407727, 0.0417534, 0.0581889, 0.0518404, 0.0517244, 0.0365509
0.999942,0.00287147, 0.00920801, 0.00485527, -0.00394336,-0.197518,-0.0245396, 0.0407507, 0.0417363, 0.0581702, 0.0518166, 0.0517239, 0.0365481
0.999942,0.00286769, 0.00919661, 0.0048498, -0.00395778,-0.197522,-0.0245448, 0.0407382, 0.0417225, 0.0581615, 0.0517905, 0.0517227, 0.0365471
0.999942,0.00286924, 0.00919937, 0.00485689, -0.00394756,-0.197524,-0.0245405, 0.0407265, 0.0417114, 0.0581522, 0.0517605, 0.0517211, 0.0365461
0.999942,0.00286847, 0.00919531, 0.00485467, -0.00396305,-0.197527,-0.0245403, 0.040716, 0.0417014, 0.0581475, 0.0517321, 0.0517185, 0.0365438
0.999942,0.00286467, 0.00919268, 0.00484956, -0.00396456,-0.197538,-0.0245362, 0.040705, 0.0416924, 0.0581446, 0.0517071, 0.0517139, 0.0365388
0.999942,0.002865, 0.00919144, 0.0048473, -0.0039503,-0.197546,-0.0245288, 0.0406912, 0.0416839, 0.0581412, 0.0516771, 0.0517074, 0.0365333
0.999942,0.00285995, 0.00918908, 0.00484518, -0.00396175,-0.197551,-0.0245144, 0.0406753, 0.0416743, 0.0581381, 0.0516549, 0.0516998, 0.0365235
0.999942,0.00285789, 0.00918958, 0.00483788, -0.00395315,-0.197558,-0.0245148, 0.0406575, 0.041664, 0.0581333, 0.0516371, 0.0516913, 0.0365112
0.999942,0.00286071, 0.00918673, 0.00481843, -0.0039366,-0.197575,-0.0245113, 0.0406395, 0.041654, 0.0581297, 0.0516211, 0.0516829, 0.0364999
0.999942,0.00285085, 0.00919441, 0.00481994, -0.00394454,-0.197593,-0.0245066, 0.0406174, 0.0416455, 0.058116, 0.0516118, 0.0516756, 0.0364843
0.999942,0.00284947, 0.00917813, 0.00477725, -0.00390857,-0.197614,-0.0245009, 0.040598, 0.0416358, 0.058114, 0.0516008, 0.0516696, 0.0364743
0.999942,0.00284992, 0.00918591, 0.00479221, -0.00393412,-0.197601,-0.0244999, 0.0405809, 0.0416247, 0.0581109, 0.0515857, 0.0516634, 0.0364678
0.999942,0.0028511, 0.00918277, 0.0047857, -0.0039222,-0.197606,-0.0245001, 0.040564, 0.0416142, 0.0581097, 0.0515691, 0.0516598, 0.0364649
0.999942,0.0028511, 0.00918361, 0.00478742, -0.0039248,-0.197605,-0.0245, 0.0405484, 0.0416031, 0.0581094, 0.0515464, 0.0516575, 0.0364638
0.999942,0.00285182, 0.00917522, 0.00477729, -0.00389408,-0.197602,-0.0245034, 0.0405343, 0.0415923, 0.0581091, 0.0515197, 0.051655, 0.0364622
0.999942,0.00285196, 0.00917084, 0.0047746, -0.00387631,-0.197602,-0.0245032, 0.0405212, 0.0415814, 0.0581073, 0.0514844, 0.0516512, 0.0364577
0.999942,0.0028516, 0.00917301, 0.00477784, -0.00388689,-0.197605,-0.0245016, 0.0405101, 0.0415717, 0.0581069, 0.0514523, 0.0516453, 0.0364524
0.999942,0.00285149, 0.00917216, 0.00477623, -0.00388199,-0.197602,-0.0245036, 0.0405001, 0.0415632, 0.0581066, 0.0514228, 0.0516374, 0.0364465
0.999942,0.0028524, 0.00916876, 0.00477443, -0.00386965,-0.197603,-0.0245016, 0.0404913, 0.0415559, 0.0581063, 0.0513975, 0.0516275, 0.0364413
0.999943,0.00285281, 0.00916685, 0.00477247, -0.00386082,-0.1976,-0.0245015, 0.0404833, 0.0415493, 0.0581061, 0.0513747, 0.0516165, 0.0364363
0.999943,0.00285322, 0.00916371, 0.00477176, -0.00385153,-0.197606,-0.024498, 0.040476, 0.0415436, 0.0581059, 0.0513553, 0.0516049, 0.0364326
0.999943,0.00285322, 0.00916271, 0.00476947, -0.00384199,-0.197609,-0.0244976, 0.0404697, 0.0415386, 0.0581058, 0.0513385, 0.0515936, 0.0364294
0.999943,0.00285349, 0.00916143, 0.00476909, -0.00383858,-0.197611,-0.0244962, 0.0404642, 0.0415343, 0.0581056, 0.0513242, 0.0515832, 0.0364273
0.999943,0.00285354, 0.00916042, 0.00476976, -0.00383904,-0.197614,-0.0244948, 0.0404596, 0.0415307, 0.0581055, 0.0513124, 0.0515742, 0.0364258
0.999943,0.0028536, 0.00915877, 0.0047696, -0.00383539,-0.197621,-0.0244932, 0.0404556, 0.0415275, 0.0581054, 0.0513026, 0.0515666, 0.0364249
0.999943,0.00285346, 0.00915824, 0.00476995, -0.00383527,-0.197623,-0.0244929, 0.0404524, 0.041525, 0.0581052, 0.0512948, 0.0515606, 0.0364243
0.999943,0.00285366, 0.0091571, 0.0047694, -0.00383239,-0.197627,-0.024492, 0.0404499, 0.0415228, 0.0581051, 0.0512886, 0.0515562, 0.036424
0.999943,0.00285358, 0.00915727, 0.00476969, -0.00383369,-0.197626,-0.0244921, 0.0404479, 0.0415211, 0.0581049, 0.0512838, 0.051553, 0.0364239
0.999943,0.0028537, 0.0091565, 0.00476896, -0.00382969,-0.197628,-0.024492, 0.0404463, 0.0415196, 0.0581047, 0.0512802, 0.0515508, 0.0364238
0.999943,0.00285372, 0.00915635, 0.00476904, -0.00383045,-0.197628,-0.024492, 0.0404451, 0.0415185, 0.0581046, 0.0512775, 0.0515495, 0.0364238
0.999943,0.00285417, 0.00915652, 0.00476818, -0.00382835,-0.197628,-0.0244917, 0.0404442, 0.0415176, 0.0581044, 0.0512756, 0.0515487, 0.0364238
0.999943,0.00285449, 0.00915636, 0.00476763, -0.00382685,-0.197628,-0.0244917, 0.0404436, 0.0415169, 0.0581041, 0.051274, 0.0515483, 0.0364237
0.999943,0.00285455, 0.00915656, 0.00476762, -0.00382701,-0.197627,-0.0244915, 0.040443, 0.0415164, 0.0581039, 0.0512728, 0.051548, 0.0364237
0.999943,0.00285486, 0.00915621, 0.00476697, -0.00382465,-0.197627,-0.0244917, 0.0404427, 0.041516, 0.0581037, 0.0512718, 0.0515478, 0.0364236
0.999943,0.00285491, 0.0091562, 0.00476688, -0.00382458,-0.197627,-0.0244918, 0.0404424, 0.0415157, 0.0581035, 0.0512709, 0.0515476, 0.0364235
0.999943,0.00285541, 0.00915626, 0.00476646, -0.00382454,-0.197626,-0.0244922, 0.0404421, 0.0415155, 0.0581033, 0.05127, 0.0515474, 0.0364234
0.999943,0.00285567, 0.00915628, 0.00476617, -0.00382439,-0.197625,-0.0244926, 0.0404419, 0.0415153, 0.0581031, 0.0512691, 0.0515471, 0.0364233
0.999943,0.00285534, 0.00915626, 0.00476651, -0.0038246,-0.197626,-0.0244921, 0.0404418, 0.0415151, 0.058103, 0.0512682, 0.0515468, 0.0364233
0.999943,0.0028549, 0.00915602, 0.00476667, -0.00382348,-0.197627,-0.024492, 0.0404416, 0.041515, 0.0581028, 0.0512673, 0.0515464, 0.0364232
0.999943,0.00285454, 0.00915591, 0.00476688, -0.003823,-0.197629,-0.0244917, 0.0404415, 0.0415148, 0.0581026, 0.0512664, 0.051546, 0.0364232
0.999943,0.00285469, 0.00915603, 0.00476691, -0.00382371,-0.197628,-0.0244917, 0.0404414, 0.0415147, 0.0581025, 0.0512655, 0.0515455, 0.0364231
0.999943,0.00285427, 0.00915595, 0.00476722, -0.00382339,-0.19763,-0.0244913, 0.0404412, 0.0415146, 0.0581023, 0.0512646, 0.0515451, 0.0364231
0.999943,0.00285401, 0.00915572, 0.00476722, -0.00382203,-0.19763,-0.0244912, 0.0404411, 0.0415145, 0.0581021, 0.0512638, 0.0515447, 0.036423
0.999943,0.00285393, 0.00915555, 0.00476719, -0.003821,-0.19763,-0.0244912, 0.040441, 0.0415144, 0.058102, 0.051263, 0.0515443, 0.036423
0.999943,0.00285365, 0.0091554, 0.00476731, -0.00382013,-0.197631,-0.024491, 0.0404409, 0.0415143, 0.0581018, 0.0512622, 0.051544, 0.036423
0.999943,0.00285338, 0.00915526, 0.00476743, -0.00381934,-0.197632,-0.0244908, 0.0404408, 0.0415142, 0.0581017, 0.0512615, 0.0515436, 0.036423
0.999943,0.00285305, 0.00915526, 0.0047677, -0.00381935,-0.197633,-0.0244905, 0.0404407, 0.041514, 0.0581016, 0.0512608, 0.0515433, 0.0364229
0.999943,0.00285285, 0.00915517, 0.00476782, -0.00381887,-0.197634,-0.0244904, 0.0404406, 0.0415139, 0.0581015, 0.0512601, 0.051543, 0.0364229
0.999943,0.00285275, 0.00915493, 0.00476777, -0.00381764,-0.197634,-0.0244903, 0.0404404, 0.0415138, 0.0581013, 0.0512594, 0.0515427, 0.0364229
0.999943,0.00285269, 0.00915477, 0.00476774, -0.00381685,-0.197634,-0.0244902, 0.0404403, 0.0415137, 0.0581012, 0.0512588, 0.0515424, 0.0364229
0.999943,0.00285272, 0.00915484, 0.0047677, -0.0038171,-0.197634,-0.0244903, 0.0404402, 0.0415135, 0.0581011, 0.0512582, 0.0515421, 0.0364229
0.999943,0.00285271, 0.00915513, 0.00476776, -0.00381829,-0.197634,-0.0244904, 0.04044, 0.0415134, 0.058101, 0.0512576, 0.0515418, 0.0364229
0.999943,0.00285285, 0.00915509, 0.00476765, -0.00381812,-0.197634,-0.0244904, 0.0404399, 0.0415132, 0.0581008, 0.051257, 0.0515416, 0.0364228
0.999943,0.00285276, 0.0091551, 0.00476776, -0.00381817,-0.197634,-0.0244903, 0.0404397, 0.0415131, 0.0581007, 0.0512565, 0.0515413, 0.0364228
0.999943,0.00285269, 0.00915512, 0.00476781, -0.00381826,-0.197634,-0.0244903, 0.0404396, 0.0415129, 0.0581005, 0.051256, 0.0515411, 0.0364228
0.999943,0.00285268, 0.00915499, 0.00476782, -0.00381774,-0.197635,-0.0244903, 0.0404395, 0.0415128, 0.0581003, 0.0512555, 0.0515409, 0.0364228
0.999943,0.00285283, 0.00915503, 0.00476767, -0.00381785,-0.197634,-0.0244903, 0.0404393, 0.0415126, 0.0581002, 0.0512549, 0.0515406, 0.0364228
